,0
0,isidorfreudenberger@poelitz.de
1,mansgundel@web.de
2,bweller@misicher.net
3,wilmshans-adolf@gmx.de
4,pruschkecorinne@web.de
5,priska46@johann.de
6,xschacht@hotmail.de
7,kreinleopoldine@yahoo.de
8,bernd-dieterhofmann@aol.de
9,xmans@carsten.net
10,weinholdwolfhard@neuschaefer.net
11,epieper@hotmail.de
12,cwerner@gmail.com
13,wilma97@gmail.com
14,mangoldjudith@web.de
15,alidazobel@hotmail.de
16,anatol51@yahoo.de
17,anne-katrinstadelmann@gmx.de
18,clarahaering@gmx.de
19,valeska38@web.de
20,sklingelhoefer@yahoo.de
21,tintzmanngerhard@zahn.com
22,gerlachhorst-peter@aol.de
23,rgumprich@sontag.net
24,iherrmann@yahoo.de
25,annelenebuchholz@googlemail.com
26,philomenalange@scholtz.net
27,vesnaalbers@roehrdanz.de
28,girschnercarlos@aol.de
29,reinhardtcornelia@gierschner.com
30,rennerclaudio@aol.de
31,gutknechtkristin@grein.com
32,hettnerroland@web.de
33,jasminascholl@gmx.de
34,louis74@bolnbach.org
35,mieskarl-otto@hotmail.de
36,gehringeralf@aol.de
37,xtrapp@googlemail.com
38,mariolastoll@faust.de
39,cbeyer@yahoo.de
40,rolf-dieter68@gmx.de
41,filippo05@aol.de
42,drubinalmuth@reinhardt.com
43,carloanders@aol.de
44,uwesaeuberlich@patberg.de
45,kuniberteigenwillig@wulf.org
46,meistergundula@karz.de
47,tomaszstumpf@hotmail.de
48,lailaziegert@gmail.com
49,lhettner@schomber.com
50,langemargarita@gmx.de
51,adlercarina@gmx.de
52,nohlmansalberto@roehrdanz.org
53,wagenknechthildegart@winkler.com
54,leopoldineatzler@googlemail.com
55,elenigeisler@aol.de
56,drewesinka@googlemail.com
57,hilleryilmaz@franke.org
58,gilbertschleich@gmail.com
59,walterkarl-wilhelm@gmail.com
60,rruppersberger@reichmann.net
61,scholtzstephen@hoefig.de
62,aroemer@gmail.com
63,lachmannadele@googlemail.com
64,hofmannlilija@yahoo.de
65,ikrause@gmail.com
66,eberhardtottokar@googlemail.com
67,gertzeva@aol.de
68,marlene91@mude.de
69,kambscaecilia@raedel.com
70,nikolawirth@tlustek.com
71,luigipaertzelt@gmail.com
72,klausliebelt@kabus.com
73,heidimaelzer@loeffler.com
74,weinhagestephan@aol.de
75,dagmarbluemel@doehn.com
76,rniemeier@hahn.com
77,wolf-ruedigerdrubin@googlemail.com
78,schustervesna@speer.de
79,tabearing@roht.com
80,katalin71@junken.com
81,arnehermann@gmail.com
82,nadjatrubin@gmail.com
83,hans-juergen12@junck.de
84,anatolijhuhn@web.de
85,gutknechtedda@liebelt.de
86,schuchhardteva-maria@aumann.com
87,drewessibilla@yahoo.de
88,hanifekade@web.de
89,klingelhoeferivo@wagenknecht.com
90,zrudolph@wernecke.de
91,nevenkatrommler@koch.com
92,eugen00@mentzel.com
93,damianmangold@web.de
94,klaus-juergenalbers@gmx.de
95,lindahenck@gmail.com
96,wklemt@gmx.de
97,hettnerfranz-josef@jessel.com
98,urszulagorlitz@web.de
99,lindnervalerij@yahoo.de
100,julie42@heinrich.de
101,losekannbernard@gmx.de
102,girschneryvonne@yahoo.de
103,inkaeberhardt@gmail.com
104,tanja72@aol.de
105,madeleine82@wilmsen.de
106,lucianokrause@keudel.org
107,aysemies@ring.com
108,jwaehner@beer.net
109,shermighausen@schomber.de
110,magdadoehn@junitz.org
111,ottfried59@aol.de
112,nicolaus33@bloch.org
113,katharine76@girschner.de
114,oswaldhuhn@junken.com
115,gereon38@radisch.de
116,knappelilija@gmx.de
117,patricia07@gmx.de
118,agehringer@henk.de
119,gudrunbaerer@gmail.com
120,schweitzerkarola@aol.de
121,reichmannleonard@gmx.de
122,gertzgisa@ehlert.org
123,ttextor@googlemail.com
124,cynthiaweitzel@hotmail.de
125,nikolaj76@gmx.de
126,paolorose@henk.org
127,ldoerr@gmx.de
128,saeuberlichengin@hotmail.de
129,karl-dieter26@heuser.de
130,jaentschdino@stoll.org
131,biggenyilmaz@froehlich.com
132,hulda77@aol.de
133,knappeotmar@siering.com
134,schollpaulo@hotmail.de
135,hassan63@googlemail.com
136,cweinhold@radisch.com
137,tobias29@yahoo.de
138,grafnotburga@gmx.de
139,rustantonius@gute.de
140,kohlselma@hotmail.de
141,hannchendowerg@aol.de
142,hoffmanningo@gmx.de
143,leonid80@jopich.de
144,otfried57@pergande.com
145,sstadelmann@hoffmann.com
146,marcuscaspar@yahoo.de
147,emmystroh@dehmel.de
148,saeuberlicholga@wieloch.org
149,hentschelsamir@web.de
150,qkallert@yahoo.de
151,freya38@googlemail.com
152,heinz-dieterstiebitz@hotmail.de
153,peggy89@eberth.de
154,huebelvesna@losekann.org
155,ymoechlichen@aol.de
156,salvatore92@aol.de
157,vesnajuncken@mosemann.de
158,anneliese88@web.de
159,lindauclaus-dieter@gmx.de
160,mmude@kuehnert.com
161,juergenschmiedecke@hartmann.com
162,farukluebs@krebs.de
163,gernot61@hethur.org
164,karolin47@hotmail.de
165,martalachmann@hotmail.de
166,aleksandra79@kambs.net
167,ernstliane@gmx.de
168,zgnatz@aol.de
169,nwilmsen@gmx.de
170,rweiss@yahoo.de
171,dorina11@hethur.com
172,ychristoph@web.de
173,benita83@seip.com
174,uweruppert@pohl.com
175,elmarfliegner@klemm.de
176,irina37@boerner.com
177,dusanseifert@kuehnert.org
178,laszlo85@loechel.com
179,laszloschaaf@gmx.de
180,oskar75@henk.de
181,annedore87@googlemail.com
182,anatolihaering@gmx.de
183,kkreusel@yahoo.de
184,franz-josefackermann@yahoo.de
185,espeer@seidel.com
186,michaelabolzmann@gumprich.com
187,gutearif@seifert.com
188,ingeburghaase@googlemail.com
189,natalierust@web.de
190,henckkrista@aol.de
191,tgirschner@aol.de
192,fklotz@gmail.com
193,anatoliradisch@zahn.de
194,zkroker@yahoo.de
195,bschleich@harloff.com
196,michaela46@gmail.com
197,claudia86@baerer.com
198,rudolphagata@weitzel.net
199,dussen-vanchristoph@googlemail.com
200,fredyjaentsch@aol.de
201,krystynaroemer@wernecke.com
202,lara07@gmail.com
203,knutkostolzin@jockel.net
204,marleen62@hotmail.de
205,schleichpavel@steinberg.de
206,harmgierschner@gunpf.de
207,andre12@lindau.de
208,herma51@gmx.de
209,vtrupp@juettner.com
210,branka68@loeffler.net
211,aennesalz@biggen.de
212,irmaweinhage@briemer.net
213,iris19@aol.de
214,ankemoechlichen@gmx.de
215,ivan31@gmail.com
216,steinbergkemal@lachmann.org
217,ldrewes@googlemail.com
218,mirjamsauer@jockel.com
219,gerhartanders@hotmail.de
220,hillerstanislaus@heinz.de
221,anatolij48@bruder.de
222,obutte@hoffmann.de
223,stiffelfrancesco@gmx.de
224,erickoester@gmail.com
225,bbriemer@faust.de
226,karolinemuehle@aol.de
227,kostolzineberhardt@gmx.de
228,lorchhans-walter@muehle.com
229,reuterbernd@baum.de
230,buchholzthaddaeus@aol.de
231,rustjose@heser.net
232,markjunken@gmx.de
233,cliebelt@yahoo.de
234,renatohethur@googlemail.com
235,annaliesebriemer@seifert.net
236,hans-josefdobes@budig.de
237,pkoch@hotmail.de
238,hillerandree@hellwig.net
239,dowergmargot@web.de
240,stahrwulf@eigenwillig.com
241,laurascholz@metz.de
242,gerald37@gerlach.net
243,sieringreza@faust.org
244,tloewer@bohlander.com
245,anselmhoevel@yahoo.de
246,mzirme@web.de
247,corinakambs@lehmann.com
248,jens-petermende@putz.com
249,cluebs@zobel.org
250,benkoehler@losekann.com
251,kabuseveline@tlustek.com
252,thiesclaus-peter@aol.de
253,mercedes14@gmx.de
254,guntram11@wende.net
255,margot55@groettner.com
256,urose@googlemail.com
257,stephan79@holsten.net
258,weimermetin@yahoo.de
259,elias37@schleich.com
260,branka57@adolph.de
261,mohaupthans-willi@web.de
262,jhaering@gmail.com
263,zwernecke@ruppersberger.de
264,doritsoeding@kensy.com
265,marlen60@gmx.de
266,hbaum@hotmail.de
267,uadolph@lindner.com
268,danielle66@girschner.com
269,kplath@holt.com
270,kpohl@hotmail.de
271,sauercaecilie@kraushaar.de
272,ybonbach@web.de
273,henner17@herrmann.org
274,oroehrdanz@briemer.com
275,rkranz@beer.com
276,heiderose43@hotmail.de
277,leniehlert@kuehnert.de
278,bolanderslawomir@ditschlerin.de
279,martina75@hotmail.de
280,brigitta95@yahoo.de
281,sauermeral@googlemail.com
282,anne04@gmail.com
283,mschottin@aol.de
284,gschottin@bluemel.de
285,mrosemann@yahoo.de
286,hansgeorglorch@gmail.com
287,isabelle56@bluemel.com
288,mangoldagnieszka@stey.de
289,xreinhardt@googlemail.com
290,lschuster@ruppersberger.com
291,amaliasauer@adler.com
292,louisjunk@gmail.com
293,hajo84@ruppert.com
294,nroemer@gmx.de
295,jeanettecarsten@lorch.org
296,rennergabor@yahoo.de
297,odietz@gmx.de
298,ingelore92@hotmail.de
299,fgumprich@aol.de
300,okaester@hotmail.de
301,albina12@googlemail.com
302,elizabeth91@bolnbach.de
303,spiessjohn@kade.org
304,milica69@weitzel.de
305,kurt02@conradi.com
306,klothilde96@christoph.com
307,henschelsieghard@dippel.net
308,gregor92@suessebier.com
309,spiesskirstin@gmail.com
310,bhofmann@googlemail.com
311,ulrikepreiss@reuter.com
312,whettner@tintzmann.de
313,gorlitzmarlene@soeding.com
314,angeloseifert@schottin.com
315,salzguido@doerschner.de
316,lehmannfranz-xaver@yahoo.de
317,nettesaskia@saeuberlich.com
318,roy40@yahoo.de
319,kohlernest@yahoo.de
320,trubinanneliese@martin.com
321,roemersandor@yahoo.de
322,ronnydippel@krebs.de
323,karlfried25@web.de
324,xdobes@wernecke.de
325,zlatko51@gmail.com
326,wolf-dietrichgroettner@steinberg.com
327,katalinoderwald@hornig.de
328,valeskasaeuberlich@siering.de
329,grafhans-martin@boerner.com
330,yjaentsch@aumann.com
331,juergendrub@hotmail.de
332,manuelplath@gmail.com
333,maria-theresiabolander@hotmail.de
334,bohnbachfelicitas@zimmer.org
335,jockeladele@googlemail.com
336,dfinke@hoevel.de
337,karl-juergen52@hotmail.de
338,bkoehler@zobel.com
339,pspeer@hauffer.de
340,bstolze@wulff.net
341,stephan96@benthin.com
342,oholt@fiebig.org
343,melissa42@web.de
344,junitzfernando@faust.com
345,birnbaumlaila@yahoo.de
346,esterwohlgemut@conradi.org
347,almuth06@yahoo.de
348,glindner@hotmail.de
349,juettnerbirgid@hoevel.org
350,nielsbloch@googlemail.com
351,vheser@yahoo.de
352,manjagraf@web.de
353,hans-dieterkoch-ii@hotmail.de
354,rosaliabolnbach@oderwald.de
355,joergenehlert@speer.de
356,junkenwalther@web.de
357,eigenwilligkaty@warmer.de
358,ottoalicja@yahoo.de
359,reinhardtjolanta@scheel.net
360,editha23@gmx.de
361,rullrich@web.de
362,heinrichfelicia@weihmann.de
363,hputz@beyer.de
364,ivo32@web.de
365,schaafanette@henck.org
366,hildegundlosekann@yahoo.de
367,geraldine91@hamann.de
368,ibiggen@seidel.com
369,silja56@googlemail.com
370,rwulff@hauffer.com
371,nurettinnerger@hotmail.de
372,miesjanine@bauer.de
373,heckerkarsten@ritter.org
374,hans-jochen33@aol.de
375,suekruedippel@aol.de
376,zdenka31@mude.com
377,antoninatintzmann@googlemail.com
378,luitgardkroker@schottin.de
379,matoroskoth@gmail.com
380,vassilios65@ernst.de
381,gabriele63@maelzer.com
382,bertha35@aol.de
383,geza59@aol.de
384,cmitschke@maelzer.com
385,shermann@schuster.com
386,lydiaflantz@rohleder.net
387,dusanhermighausen@gmx.de
388,petra21@gmail.com
389,agathe94@jockel.com
390,qsauer@web.de
391,dhertrampf@ritter.com
392,brunhildehamann@web.de
393,anatolcaspar@aol.de
394,reingardmeyer@gmx.de
395,scheuermannhenry@mielcarek.org
396,kenanflantz@googlemail.com
397,dstumpf@aol.de
398,vogttraudl@googlemail.com
399,patrickklingelhoefer@margraf.net
400,kadegeorg@schwital.de
401,tbender@schleich.net
402,hanny91@hotmail.de
403,utrommler@gmail.com
404,ojungfer@mude.net
405,ricardo45@gmx.de
406,rohledersilvia@gmx.de
407,bloewer@heinz.de
408,koesterdursun@harloff.de
409,henscheldanny@gmail.com
410,horst-guentermoechlichen@gmx.de
411,reinhildstriebitz@sorgatz.net
412,ddehmel@web.de
413,ditschlerinbeatrix@web.de
414,xtrub@huhn.net
415,lisbeth04@aol.de
416,sabri84@jockel.org
417,hannsschweitzer@aol.de
418,vheydrich@gmx.de
419,ehrentraudsteckel@weinhold.com
420,marek63@margraf.com
421,gotthardannelie@hotmail.de
422,svenmans@putz.de
423,wwulf@eberhardt.net
424,liane98@schaaf.de
425,freddy03@hotmail.de
426,herrmannannelore@heinz.com
427,lroehrdanz@web.de
428,dimitrispeer@wirth.de
429,stanislavziegert@roerricht.de
430,baumottokar@gmail.com
431,fhofmann@briemer.com
432,metzgottlieb@ehlert.de
433,armin16@kallert.de
434,loosemin@gmx.de
435,burghard95@hotmail.de
436,qrenner@ritter.org
437,anselmschaaf@aol.de
438,fiebigmagret@grein.com
439,valentinafritsch@wulff.com
440,hermighausenpiotr@tschentscher.com
441,ibender@wulff.org
442,wulffrita@mohaupt.de
443,poelitzjessika@gmail.com
444,efreudenberger@gmx.de
445,zkrause@conradi.org
446,ubachmann@anders.com
447,aharloff@hermighausen.de
448,zmeyer@saeuberlich.com
449,qrogge@jaehn.de
450,heidrichurszula@wieloch.org
451,deliawernecke@gotthard.com
452,holzapfelherlinde@gmx.de
453,hettneraleksander@hotmail.de
454,shess@koch.de
455,kensymaja@stiebitz.de
456,halil83@hotmail.de
457,hornigmeike@mitschke.com
458,mhamann@bauer.com
459,zdenkaweiss@aol.de
460,dippellisa@auch.de
461,reichmanncanan@googlemail.com
462,klemmheiner@aol.de
463,zirmeliselotte@web.de
464,schuchhardtremo@gmail.com
465,tilo29@plath.org
466,doerthe86@aol.de
467,bmitschke@googlemail.com
468,siegbert19@ernst.de
469,christoscarsten@hotmail.de
470,qrose@waehner.de
471,febert@anders.com
472,konstanzebuchholz@gmail.com
473,brigitta91@boucsein.de
474,oeberhardt@weihmann.com
475,ddrewes@aol.de
476,doeringmariana@web.de
477,ismettextor@kruschwitz.org
478,romanjunck@web.de
479,alexajacobi-jaeckel@lindau.de
480,henri84@gmail.com
481,sibyllagroettner@yahoo.de
482,junitzasta@schenk.org
483,vesnarohleder@gmx.de
484,ivanaeckbauer@yahoo.de
485,hans-wernerreising@hotmail.de
486,riehlvalerie@gmail.com
487,gunterklapp@gmx.de
488,scheuermannronny@web.de
489,urosemann@mies.net
490,margaretritter@yahoo.de
491,hofmannsusana@staude.net
492,jpaertzelt@gmx.de
493,otrueb@naser.de
494,misicherjan-peter@hendriks.de
495,nohlmansoscar@gmx.de
496,hoelzenbecherlaila@hotmail.de
497,erhard47@gmx.de
498,qloos@hotmail.de
499,edwarddoerr@yahoo.de
500,heuseralmut@googlemail.com
501,ljiljanabolnbach@briemer.com
502,gina22@gmail.com
503,ubohlander@hotmail.de
504,slobodannaser@beyer.org
505,albersmarika@hotmail.de
506,tonipaffrath@aol.de
507,tschentschertom@hotmail.de
508,nthanel@sorgatz.net
509,schenksvetlana@yahoo.de
510,koch-iiundine@bohnbach.de
511,seppdrubin@beyer.net
512,mieshansjoerg@hotmail.de
513,johannantonina@aol.de
514,jochemschottin@langern.com
515,jschlosser@kambs.com
516,franziska25@fritsch.org
517,emin37@web.de
518,wibke19@googlemail.com
519,kerstinweller@hotmail.de
520,leila81@bolnbach.com
521,ivankaaumann@schuster.org
522,piepernadin@yahoo.de
523,buttesuse@barkholz.com
524,tania39@meyer.net
525,henschelandree@hotmail.de
526,weinholdjessica@web.de
527,rustkaty@aol.de
528,mmartin@birnbaum.com
529,hugo12@yahoo.de
530,nadinhering@gmail.com
531,herlinde08@googlemail.com
532,janin01@hotmail.de
533,wernerolena@salz.de
534,lorenzdippel@hotmail.de
535,ldietz@haering.com
536,roderich85@aol.de
537,nadeshda39@googlemail.com
538,seifertxenia@kitzmann.de
539,preisshelmut@yahoo.de
540,meinrad86@yahoo.de
541,gmeister@muelichen.de
542,reinhilde57@gmail.com
543,ahellwig@hecker.de
544,matthaeiannelise@gmx.de
545,liloruppersberger@hotmail.de
546,jose77@waehner.de
547,ymohaupt@gmx.de
548,josefagnatz@jopich.com
549,kschmidt@hotmail.de
550,karinfoerster@aol.de
551,ejunk@hotmail.de
552,junkjovan@stumpf.com
553,anneliekiller@textor.com
554,smitschke@yahoo.de
555,ladislaus78@gmx.de
556,riarogner@wiek.com
557,pbiggen@gmail.com
558,schmidtmichaela@googlemail.com
559,boucseinabraham@herrmann.com
560,doganspiess@benthin.de
561,lhoefig@hotmail.de
562,jorge71@googlemail.com
563,pdowerg@web.de
564,bluemeledit@gmx.de
565,vgotthard@gmail.com
566,wernerewa@web.de
567,gerdawulff@karz.com
568,doeringhans-h@staude.com
569,piawilms@gmail.com
570,annelene01@stahr.de
571,mhellwig@soeding.de
572,ewulf@haenel.de
573,hans-jschmiedecke@gmail.com
574,tilmannschwital@gmail.com
575,wbloch@kabus.de
576,osager@steinberg.de
577,siglindekrein@gmx.de
578,cathleen72@gmx.de
579,kkoester@budig.org
580,rhecker@gmx.de
581,saeuberlichhardy@mielcarek.de
582,kuehnertanke@gmx.de
583,yrogner@gnatz.com
584,annaliesepaertzelt@gunpf.net
585,linusrose@web.de
586,aschenk@aol.de
587,muelichenrebekka@yahoo.de
588,monicalindau@haase.de
589,frankenatalija@hotmail.de
590,mirja07@winkler.net
591,aleksandrjuncken@preiss.de
592,qpoelitz@web.de
593,loni22@web.de
594,jadwiga84@haase.com
595,caroline18@koehler.de
596,christel56@hotmail.de
597,reinhardtjulian@googlemail.com
598,laila47@bachmann.de
599,bolzmannantonie@kuhl.com
600,ybaehr@googlemail.com
601,ihauffer@eckbauer.com
602,faustchristl@googlemail.com
603,rkreusel@heidrich.com
604,yasminmaelzer@stolze.de
605,greising@gmail.com
606,khoffmann@poelitz.com
607,swetlana58@roemer.com
608,wolfhard13@web.de
609,leostaude@aol.de
610,maritatrubin@yahoo.de
611,egon09@soelzer.com
612,hesseundine@web.de
613,stahrrosi@wulf.de
614,tonyehlert@gmail.com
615,antje53@baerer.com
616,edgarsegebahn@googlemail.com
617,brunhild15@reichmann.de
618,adriana59@dehmel.com
619,johannesseidel@yahoo.de
620,girschneranatolij@rose.de
621,boucseinimelda@hahn.org
622,ilija68@web.de
623,wilmaschueler@gmx.de
624,zbeer@adolph.com
625,anka21@zobel.de
626,bernhard78@rogner.de
627,alfonso31@gmail.com
628,ekrem95@christoph.com
629,geza52@yahoo.de
630,klotzantonino@klemm.de
631,britajuettner@googlemail.com
632,barkholzgrazyna@paffrath.de
633,dowergkai-uwe@aol.de
634,lilian85@web.de
635,gordon79@ring.com
636,pbaum@zahn.com
637,jfroehlich@bachmann.de
638,roehrichtfelizitas@hotmail.de
639,hartwig35@niemeier.net
640,karl-hans32@kabus.com
641,wstroh@googlemail.com
642,martine03@web.de
643,annika07@googlemail.com
644,stanislawfliegner@zaenker.org
645,uullrich@naser.com
646,waltraut85@gmail.com
647,petroskostolzin@jaekel.com
648,gerardrose@web.de
649,florencewulf@gmail.com
650,qlosekann@reising.de
651,mielcarekdennis@werner.net
652,stumpfmarcella@aol.de
653,zadler@gmail.com
654,magaretegutknecht@hotmail.de
655,ali59@aol.de
656,ester96@gmx.de
657,canan54@gmx.de
658,fjunk@beyer.com
659,antonheydrich@roehricht.com
660,wilhelmineluebs@yahoo.de
661,tony88@yahoo.de
662,joachim30@gmail.com
663,klaus-dieter38@oestrovsky.net
664,willi38@gmx.de
665,ryszardhermann@hotmail.de
666,katarzyna89@wagner.net
667,margot61@schomber.com
668,ole72@schuchhardt.com
669,otmarmohaupt@muelichen.org
670,stumpfczeslaw@gmx.de
671,klemensbluemel@aol.de
672,xfranke@aol.de
673,ykade@hartung.de
674,kreinheide-marie@scheuermann.com
675,luebscarmela@mude.de
676,steffen05@mentzel.com
677,brittwernecke@aol.de
678,haaseselim@heuser.net
679,hans-martindrub@gmail.com
680,friedlindekostolzin@klingelhoefer.de
681,aldozorbach@yahoo.de
682,henryklindau@yahoo.de
683,schusterehrhard@gmail.com
684,itextor@yahoo.de
685,ykobelt@seifert.com
686,friedlinde50@trupp.de
687,oskarwende@gmail.com
688,halinabirnbaum@franke.com
689,tamaraniemeier@web.de
690,galinahertrampf@gmx.de
691,gmans@hotmail.de
692,mercedesscholtz@gmx.de
693,ignazschmiedt@aol.de
694,ksorgatz@huhn.de
695,brita22@kreusel.net
696,edeltraud44@web.de
697,josefmartin@yahoo.de
698,heikeschinke@adolph.org
699,jzobel@groettner.de
700,vincenzo70@gerlach.net
701,pawel71@sauer.de
702,iflantz@gmail.com
703,lidwinaneuschaefer@graf.com
704,wandahoerle@losekann.de
705,beatadrewes@hotmail.de
706,beata16@gmx.de
707,ugehringer@aol.de
708,jesselmathilde@trommler.com
709,jgutknecht@yahoo.de
710,meralbirnbaum@yahoo.de
711,gunhild98@mans.net
712,dknappe@web.de
713,otmar88@googlemail.com
714,henrykfreudenberger@kaester.de
715,egonjopich@aol.de
716,manfredheydrich@yahoo.de
717,kristin60@aol.de
718,gumprichhans-karl@maelzer.net
719,gerdi89@yahoo.de
720,ricardaweiss@gmail.com
721,rahel16@franke.de
722,astahr@preiss.org
723,hans-peterfoerster@rosemann.de
724,melita72@googlemail.com
725,suessebierheidemarie@noack.de
726,jaehncharles@roehrdanz.de
727,randolf64@tintzmann.com
728,beckernicolaus@ruppersberger.net
729,gerolfsauer@yahoo.de
730,gritnerger@rosenow.net
731,vfliegner@aol.de
732,gabriele98@yahoo.de
733,karolinakaul@googlemail.com
734,notburga45@hotmail.de
735,sbenthin@hering.org
736,gregor04@hering.de
737,lmuelichen@aol.de
738,bodo47@web.de
739,robert49@aol.de
740,vogtsylvio@hendriks.com
741,smeyer@ebert.com
742,marianehlert@googlemail.com
743,npatberg@klingelhoefer.de
744,zirmehedi@googlemail.com
745,eugeniaehlert@aol.de
746,heinz-juergen29@martin.com
747,oestrovskymichaele@ullmann.org
748,hahnludmilla@steinberg.net
749,manuel70@girschner.de
750,franz-xavernerger@hotmail.de
751,grazyna38@hotmail.de
752,slobodanehlert@aol.de
753,pnette@yahoo.de
754,isidormargraf@hotmail.de
755,johannbartholomaeus@mueller.de
756,christof31@aol.de
757,torsten94@jaekel.com
758,antoninadoerr@maelzer.de
759,omuelichen@googlemail.com
760,diedrich51@raedel.com
761,iwernecke@foerster.de
762,salzmonika@gmx.de
763,joseschulz@beckmann.de
764,swetlanasoelzer@gmx.de
765,ewa43@siering.org
766,adamsauer@gmail.com
767,katykoehler@googlemail.com
768,gdrewes@stroh.de
769,mangoldgretl@gmail.com
770,magdalene08@yahoo.de
771,llosekann@gmail.com
772,jlehmann@pohl.net
773,carmelo91@yahoo.de
774,bstadelmann@gmx.de
775,karl-ludwigruppersberger@knappe.de
776,frankejose@yahoo.de
777,njacobi-jaeckel@googlemail.com
778,rspeer@junitz.com
779,bweller@googlemail.com
780,burkardbeier@gmx.de
781,ntroest@juettner.de
782,rjockel@bohnbach.net
783,freia79@hotmail.de
784,dmatthaei@henschel.de
785,filippo56@weimer.com
786,moritz16@heydrich.de
787,georgiosschueler@drub.de
788,eugenie28@gmx.de
789,jkuhl@gmx.de
790,marika10@buchholz.com
791,waltraut69@yahoo.de
792,paulina60@gmx.de
793,ingriedernst@hotmail.de
794,ekaester@schenk.org
795,lotharloos@gmx.de
796,gunhildroemer@geissler.com
797,henkdorina@gmx.de
798,gudejames@bachmann.de
799,hans-herbertschwital@girschner.de
800,dklingelhoefer@hotmail.de
801,damianmeister@hotmail.de
802,anikasteinberg@yahoo.de
803,keudeltilo@gmx.de
804,eimerdenny@aol.de
805,hoelzenbecheralexandre@googlemail.com
806,dieter68@doerr.com
807,rhauffer@gmx.de
808,paulklapp@stahr.org
809,horstkaul@seifert.com
810,krokerwolf@gmail.com
811,aschacht@cichorius.de
812,broehrdanz@mentzel.com
813,kuno44@oestrovsky.com
814,sybilleeimer@yahoo.de
815,niklas08@birnbaum.net
816,bohlanderfrederike@roemer.de
817,johannchristian@briemer.de
818,ychristoph@yahoo.de
819,orohleder@freudenberger.com
820,anastasioskarge@yahoo.de
821,ybudig@doerschner.de
822,eberthalbina@schwital.com
823,ilseniemeier@web.de
824,marikagumprich@yahoo.de
825,alicjasager@hotmail.de
826,fschulz@fechner.com
827,rizaklemt@stahr.de
828,osman93@gmx.de
829,corametz@gmail.com
830,aenne74@textor.org
831,heringfranz-josef@linke.net
832,fritschbritta@hotmail.de
833,zahnkarl-heinz@schweitzer.com
834,vschuchhardt@boerner.de
835,kambsaleksej@mielcarek.de
836,olorch@ditschlerin.net
837,geraldschueler@aol.de
838,tmetz@vollbrecht.org
839,staudeadam@ullmann.de
840,lisbethklapp@gmx.de
841,annibien@aol.de
842,zobelurs@johann.de
843,pullrich@gmail.com
844,ritterines@yahoo.de
845,rosalinde61@aol.de
846,woldemarhecker@hartmann.com
847,rebecca98@spiess.de
848,hildegunde15@gmx.de
849,annett60@eigenwillig.com
850,herwighettner@schoenland.de
851,jkostolzin@preiss.net
852,sepp77@yahoo.de
853,heinrichgerlind@biggen.de
854,birgit48@troest.com
855,wolf-dieterkiller@aol.de
856,trappetta@nohlmans.de
857,dennisetzler@googlemail.com
858,ybeer@hotmail.de
859,insaneuschaefer@aol.de
860,oestrovskyralph@haenel.de
861,karola69@yahoo.de
862,rosemanndanica@gmx.de
863,fschmiedecke@ruppersberger.de
864,korinnabruder@baehr.net
865,alinke@langern.de
866,stefanie58@gmx.de
867,irmingard48@bruder.de
868,brian84@schacht.com
869,ilonaschmidtke@aol.de
870,eckhardhesse@thanel.com
871,holger84@web.de
872,fabienne85@web.de
873,elisabet83@gmx.de
874,yackermann@gmail.com
875,hdoerschner@hotmail.de
876,kunigundestolze@googlemail.com
877,silvio11@gute.com
878,marzenaalbers@aol.de
879,neureuthersigrid@aol.de
880,zlatkoadler@zorbach.com
881,melissa44@gmx.de
882,ron47@gmail.com
883,sepp53@gmail.com
884,babetttlustek@web.de
885,rohlederkathi@gmail.com
886,attilafinke@schulz.net
887,hans-joergschomber@kramer.de
888,centa67@doerr.de
889,hermann81@raedel.com
890,sigismundhendriks@kaul.org
891,felix15@weihmann.com
892,jhentschel@geisler.com
893,rafael93@gmx.de
894,gerold76@googlemail.com
895,wielochharold@buchholz.com
896,knut77@aol.de
897,soelzerluka@soelzer.com
898,huldajockel@hotmail.de
899,pamelabaehr@austermuehle.com
900,beckmannerdal@aol.de
901,stiebitzayse@scholtz.com
902,meberhardt@geisler.com
903,felicitas10@gmail.com
904,ebohnbach@conradi.com
905,trubinalfonso@schulz.com
906,okruschwitz@holt.de
907,rudi28@aol.de
908,hansgeorg95@jockel.com
909,emmiflantz@gmx.de
910,loefflerreinhild@soeding.org
911,roland87@aol.de
912,concettajunk@yahoo.de
913,carlosfreudenberger@vollbrecht.de
914,roskothmarliese@gmx.de
915,karolastoll@sager.com
916,fabienne03@troest.net
917,slawomirhuhn@pieper.net
918,arnd33@web.de
919,marie-thereswilmsen@gmail.com
920,benthinserpil@stey.de
921,catrin20@gmx.de
922,kochedda@kaester.com
923,efoerster@henk.de
924,nohlmanshanspeter@googlemail.com
925,fmende@gmail.com
926,immo65@fechner.net
927,wernerhartmut@yahoo.de
928,auch-schlauchinesther@googlemail.com
929,rennerraphael@moechlichen.com
930,maelzerpaula@moechlichen.com
931,jfinke@web.de
932,wgute@aol.de
933,dippelheide-marie@gmx.de
934,reichmannerol@hotmail.de
935,eckarddrub@roskoth.com
936,felicia24@schinke.de
937,kirstin03@googlemail.com
938,brankaackermann@heinz.de
939,josephine03@jacobi.com
940,smueller@bloch.com
941,junkenver@gumprich.org
942,giessenrico@mende.de
943,bernhardmies@ruppersberger.de
944,ljiljana80@googlemail.com
945,kfischer@hesse.com
946,uanders@web.de
947,ralf-peter41@gmail.com
948,schaeferbirthe@zirme.com
949,pdrub@gmx.de
950,valeriaebert@web.de
951,rustmina@anders.com
952,natalie75@schmidtke.de
953,ullmannknut@geisler.net
954,baehrandres@yahoo.de
955,dussen-vanhans-georg@hotmail.de
956,mara74@jaekel.de
957,doreen35@caspar.de
958,verabaerer@ullrich.net
959,roselindehaenel@gmail.com
960,msorgatz@gnatz.de
961,matthaeiyusuf@conradi.de
962,hrose@gmail.com
963,ghuebel@gmx.de
964,pieperhans-heinrich@ritter.de
965,xwulf@googlemail.com
966,kjockel@gorlitz.de
967,wellertheodor@aol.de
968,hartmannjanusz@aol.de
969,emanuelfaust@googlemail.com
970,priska11@mohaupt.com
971,bwohlgemut@paffrath.de
972,fgumprich@hotmail.de
973,polinaritter@hamann.de
974,fmeister@hotmail.de
975,annaaumann@hethur.de
976,conradihartmut@yahoo.de
977,daniela97@kuehnert.net
978,steffi56@googlemail.com
979,dorledehmel@jacob.com
980,ulla97@web.de
981,lrosenow@schleich.com
982,pkraushaar@gmail.com
983,juettnersabine@rose.de
984,albertloeffler@gmx.de
985,ronny75@web.de
986,friedo98@googlemail.com
987,uhecker@googlemail.com
988,ortrudnaser@hotmail.de
989,sandro01@gmail.com
990,lwulf@raedel.com
991,reinhardt12@yahoo.de
992,roggehannelore@hesse.de
993,gfoerster@kallert.com
994,wanda11@weiss.net
995,anneliseklotz@krein.de
996,hotto@schweitzer.com
997,adussen-van@seifert.de
998,jasminapieper@klapp.com
999,holtmelissa@googlemail.com
