Name,Gender,Email,Amount_spent,zipcode,Age
Ing. Sybille Trubin,Female,paertzeltotfried@lindau.com,683,382240,35
Univ.Prof. Irene Briemer MBA.,Male,slobodan58@hotmail.de,206,382145,68
Kata Hornich B.Sc.,Male,edeltrauttroest@googlemail.com,569,382150,55
Hans-Jörg Sorgatz-Drub,Male,holzapfelirmi@yahoo.de,763,382145,44
Arnfried Tintzmann,Female,ahmet22@aol.de,443,382465,81
Kathleen Trommler,Female,jkoehler@yahoo.de,746,387810,35
Ullrich Striebitz B.Eng.,Male,kaethe72@web.de,200,380016,93
Dipl.-Ing. Juergen Säuberlich B.Sc.,Male,eckbauergabriela@web.de,830,382255,71
Achim Wagner-Kraushaar,Female,esteckel@gmail.com,108,382435,89
Liesel Berger,Male,iotto@kabus.com,158,382220,61
Paolo Schacht,Female,etta60@gerlach.com,832,382150,63
Ulla Fiebig B.A.,Female,bodostolze@gmail.com,146,382115,41
Herr Lukas Hethur,Female,schuelerswen@pechel.com,323,382220,43
Mirko Hörle,Female,eggertseifert@web.de,836,382435,4
Dipl.-Ing. Victor Wulff B.A.,Male,jacobi-jaeckelpamela@schwital.de,940,363610,44
Marlene Ehlert,Female,yrogner@yahoo.de,207,380004,45
Rosa-Maria Wulf,Female,kornelius60@googlemail.com,917,382213,68
Mathilde Warmer,Male,kargehellmut@googlemail.com,519,380004,53
Carl Hecker B.Sc.,Female,felixknappe@froehlich.com,652,382140,17
Dipl.-Ing. Samuel Berger,Male,margarethakoehler@hoelzenbecher.de,476,380061,9
Dipl.-Ing. Ernst Austermühle MBA.,Female,trudehauffer@yahoo.de,440,382220,45
Univ.Prof. Marta Bolander,Male,gerlinde40@gmail.com,296,382260,8
Anne-Kathrin Becker B.Sc.,Male,mara12@web.de,481,380024,86
Hubert Trommler,Female,rotraut43@ackermann.de,286,382460,41
Prof. Stefan Ullrich B.A.,Male,witoldbeyer@juettner.com,605,382130,8
Uli Schuchhardt B.A.,Male,qschottin@aol.de,212,382455,7
Josip Hellwig MBA.,Male,hans-uwe41@ortmann.com,420,382260,21
Melitta Langern,Male,frank-michael99@soeding.net,846,382455,19
Marica Heintze-Huhn,Female,oestrovskynatalia@steckel.de,85,382435,70
Agnes Zobel,Female,zvollbrecht@scheibe.org,218,382120,80
Necati Mohaupt,Female,angelamans@hartung.org,431,380026,98
Ing. Evelyn Vogt B.Sc.,Male,tilly21@web.de,267,382120,1
Frau Linda Ortmann,Male,gotthardbolzmann@gmail.com,77,382150,4
Linda Henck-Hande,Male,yhauffer@heintze.org,223,380060,29
Regine Meister,Male,pkeudel@googlemail.com,115,382170,25
Dipl.-Ing. Nina Wirth,Male,jolanthe03@schulz.de,771,382220,70
Natascha Trommler,Female,florence34@ullrich.net,511,382220,92
Univ.Prof. Radmila Gieß,Female,xrogge@yahoo.de,158,380004,65
Fernando Schaaf-Oderwald,Male,insatroest@aol.de,281,382463,57
Prof. Dimitrios Weihmann,Male,chantal58@hotmail.de,376,380050,1
Frau Nevenka Harloff B.Eng.,Male,haaseeugen@schulz.de,433,380016,47
Dipl.-Ing. Bertha Mühle B.Sc.,Male,jolantabohnbach@mangold.com,22,382433,69
Johanne Sager,Female,zirmesylwia@web.de,122,382150,1
Dipl.-Ing. Katherina Lorch,Female,waehnertilo@aol.de,626,382130,68
Ismet Junck,Male,irinareinhardt@kramer.com,401,380001,92
Agnes Säuberlich,Male,hans-helmut71@gmail.com,223,382435,20
Geraldine Henk,Female,aloyskusch@hotmail.de,76,380058,83
Zdenka Lachmann,Female,raymond89@tintzmann.org,762,380008,6
Luisa Conradi B.A.,Male,enrico90@kitzmann.com,997,382230,20
Blanka Rosenow,Female,rhermighausen@aumann.de,655,382120,68
Tomas Beckmann,Female,sveaschenk@reichmann.de,331,382110,4
Jaroslaw Heuser-Stolze,Male,jonas30@aol.de,190,382455,73
Ortwin Stumpf,Female,george18@aol.de,289,382150,38
Jeanette Gerlach-Zimmer,Female,kheinz@mohaupt.de,94,382115,89
Karlfried Scheel B.Sc.,Female,ekoch-ii@hotmail.de,990,382433,93
Siegward Ladeck,Male,mary93@yahoo.de,645,382170,81
Thorben Hörle-Heintze,Female,ypergande@gmx.de,857,382470,80
Klaudia Kambs,Male,maren07@hotmail.de,849,387810,56
Gino Hövel-Harloff,Male,mayawagner@googlemail.com,415,382460,5
Elfie Mühle,Female,hildburgscholl@dowerg.com,568,382240,36
Alf Ditschlerin,Female,doloresraedel@hotmail.de,936,382433,75
Ing. Antonietta Schomber,Male,eeigenwillig@aol.de,243,382120,42
Prof. Friedrich-Karl Rust,Female,paoloklapp@aol.de,143,382115,73
Marijan Staude,Male,torstenschaefer@ladeck.com,325,382463,41
Frau Hildegunde Schuster,Male,gunarbohnbach@yahoo.de,430,382481,38
Herr Bernard Schwital MBA.,Male,eseifert@hotmail.de,13,382115,32
Gretchen Barkholz,Female,rochus56@schweitzer.com,206,382430,51
Dorothea Lachmann,Female,faustlilian@gmx.de,468,382110,85
Jerzy Kroker,Male,ilka47@gmx.de,94,382260,94
Lorenz Graf,Male,aleksander43@juettner.de,142,380001,56
Erik Flantz,Male,cristinawarmer@yahoo.de,131,382145,64
Ernst Zirme-Lorch,Female,hettnerlydia@gmail.com,449,382120,54
Prof. Julia Ortmann MBA.,Female,almut17@gmail.com,854,380060,83
Ing. Brigitte Hoffmann,Male,eckardschaaf@heinz.com,715,382460,5
Univ.Prof. Marjan Metz MBA.,Female,bolzmanntom@web.de,103,382150,49
Prof. Nicolai Thanel B.Eng.,Male,klaus-dieter55@aol.de,397,382460,87
Auguste Adolph,Female,drogge@hotmail.de,277,380022,44
Karola Kohl,Male,simon70@googlemail.com,670,387810,93
Betty Bien-Geißler,Female,mikhail40@yahoo.de,115,382430,81
Kathy Gorlitz-Karge,Female,klara51@gmail.com,954,382230,87
Dipl.-Ing. Carmen Zorbach B.Eng.,Female,tschentscherhanno@hotmail.de,956,380008,81
Prof. Raphael Adolph B.Eng.,Female,hellwigruediger@googlemail.com,395,380004,11
Stefanie Patberg,Female,hanno47@trapp.com,751,382435,44
Dr. Rocco Meister,Female,zhermighausen@etzold.net,26,380026,37
Rainer Becker B.A.,Male,salzjohanne@niemeier.org,984,382260,85
Dagmar Harloff,Male,stiebitzmirko@hoefig.com,630,382220,14
Roselinde Pechel,Male,suekrue61@niemeier.com,826,382115,61
Halil Schmiedecke,Male,jeigenwillig@beyer.com,595,382220,96
Freddy Salz-Buchholz,Female,luebsguido@hotmail.de,15,380001,58
Eberhardt Rogge-Winkler,Male,heringgudrun@wirth.org,520,382130,71
Reinhard Hauffer,Male,junckensylvia@web.de,459,380009,56
Herr Hans-Peter Beier B.A.,Male,lfoerster@mielcarek.de,562,380001,29
Edelbert Matthäi,Female,janus20@gehringer.com,108,382150,82
Hans-Jochen Barkholz-Christoph,Female,rupperternestine@biggen.de,549,380001,70
Prof. Anastasios Vogt B.Eng.,Male,loewerjelena@aol.de,114,382250,2
Cosima Birnbaum,Female,hessloni@klotz.de,884,363610,100
Reimer Margraf,Male,lorchgotthilf@web.de,155,380058,69
Gotthard Conradi,Female,roemerrotraud@giess.com,108,382255,51
Agnes Süßebier B.A.,Male,ildiko64@weitzel.net,318,382255,18
José Staude B.Eng.,Female,hans-juergengraf@aol.de,209,382150,92
Kurt Lachmann,Female,adrian71@aol.de,133,380022,66
Frank-Michael Nerger,Female,dirketzler@junitz.com,679,387810,43
Romuald Trüb,Female,walburgagraf@stahr.org,636,382265,22
Vassilios Hahn,Female,wendeegon@yahoo.de,50,382463,71
Krystyna Sölzer B.A.,Male,nohlmanstheobald@wagner.net,194,382120,39
Valerie Höfig,Female,schwitalimmo@googlemail.com,628,380058,15
Helga Fröhlich,Male,dimitrios67@gmx.de,424,387810,34
Ing. Thorben Stolze,Male,harriet18@hotmail.de,647,382465,45
Eugen Bolnbach B.Sc.,Female,iklingelhoefer@gmx.de,32,382250,94
Balthasar Lübs B.Eng.,Female,ftrommler@yahoo.de,552,363610,49
Ehrhard Röhricht,Male,evangelos41@web.de,363,382450,57
Witold Hesse,Male,jaustermuehle@hotmail.de,14,382150,75
Antonio Atzler,Female,drewesjoerg@hotmail.de,212,382140,5
Dipl.-Ing. Veronika Junk,Female,freddyroemer@matthaei.com,876,382260,98
Harriet Hövel-Hartmann,Male,burckhard52@krebs.org,238,380004,97
Albert Schönland,Male,otto72@zaenker.de,284,382150,5
Anica Killer,Male,slobodanstumpf@yahoo.de,786,382435,65
Hilma Trubin,Male,gesalosekann@fechner.net,298,382250,11
Robert Lübs B.Sc.,Male,winfriedschwital@seip.com,395,382120,76
Meta Rust,Female,naserpeter@geisler.de,891,382140,9
Daniela Warmer,Female,koesterradmila@neureuther.com,312,380050,55
Frau Janna Bärer,Female,janna81@gmail.com,422,382255,98
Univ.Prof. Marco Matthäi B.Sc.,Female,jolanthe67@doering.com,427,382425,97
Senta Süßebier,Female,guiseppekrause@gmail.com,212,382465,60
Isabella Fritsch,Female,jan-petersoeding@web.de,270,382255,85
Evelyne Müller,Female,seppweinhold@atzler.com,716,387810,81
Edwin Rädel,Male,jannhenk@googlemail.com,781,380001,51
Undine Döhn MBA.,Male,keudelkonstanze@huhn.com,277,382120,98
Dr. Almuth Lübs B.A.,Male,aynur95@losekann.com,832,382145,30
Urszula Roht B.Sc.,Female,vpoelitz@yahoo.de,107,382220,35
Antonio Sager B.Sc.,Male,urszula22@zaenker.com,644,380015,60
Maxim Cichorius-Schlosser,Male,van-der-dussenandrei@googlemail.com,541,387810,86
Thies Kallert,Female,soelzersenta@kruschwitz.com,968,382230,78
Walburga Rosenow,Male,sriehl@radisch.de,440,382140,22
Betina Austermühle,Male,reuterryszard@yahoo.de,869,382465,54
Pirmin Peukert,Female,rudolphsandy@doering.net,465,382465,69
Urs Schmiedt-Stroh,Female,vschmidtke@yahoo.de,493,382463,48
Christian Kabus,Male,lkallert@thies.com,46,382465,9
Klaus-Peter Wirth,Male,alida93@rose.de,928,382120,78
Egbert Drubin,Female,alberto84@web.de,760,382170,78
Ronald Mülichen,Male,volkmarbaerer@web.de,257,380006,46
Babett Ernst B.Sc.,Male,regine21@geissler.org,110,380026,57
Frau Ortrun Wagenknecht B.A.,Male,hesseheinz-guenter@johann.com,699,382210,23
Hanno Ruppersberger,Female,damaris02@aol.de,629,382433,23
Herr Fedor Mosemann MBA.,Female,kscheel@aol.de,45,380009,85
Geza Becker,Female,oestrovskymonique@gmx.de,766,363610,4
Margit Hermann,Male,luigi36@aol.de,219,382230,52
Frau Eleni Hänel,Male,nweinhage@adolph.de,432,382120,34
Dr. Burkard Jessel MBA.,Male,wenckebaehr@aol.de,359,382150,29
Mirja Wähner,Male,randers@hendriks.net,667,382260,44
Bernt Bähr,Female,karzemin@huhn.com,4,382250,48
Eugenia Henck MBA.,Male,fklemm@roemer.com,855,382465,17
Dr. Mathias Schmiedecke,Female,truebkathleen@gmail.com,739,380016,16
Ricarda Heß B.Sc.,Female,gilbert74@foerster.com,542,382435,21
Peter-Michael Kusch-Mentzel,Female,roehrichtfriedrich-karl@segebahn.com,972,382481,30
Heinz-Günter Gieß,Male,boucseinpatric@loewer.org,179,382450,20
Rosel Linke,Female,elizabethmangold@pechel.net,136,382110,30
Melitta Kensy,Female,loosbela@gmx.de,214,382260,29
Hilma Eigenwillig,Female,gertraude79@gmx.de,161,382276,24
Dipl.-Ing. Lukas Jacob B.A.,Female,ferdinand87@aol.de,597,382210,8
Birgitt Sorgatz,Male,elenireinhardt@klemm.org,583,380026,89
Meryem Beer,Female,gerfriedroerricht@mans.de,493,382110,34
Sylwia Lachmann,Male,roseenver@aol.de,139,380026,38
Werner Kruschwitz,Female,enrico61@ullmann.de,520,363610,48
Nuray Linke-Butte,Male,hasan30@web.de,51,382449,61
Catharina Werner B.Sc.,Female,scheibevanessa@krein.de,841,382220,57
Dorothee Kroker,Female,anetagerlach@winkler.com,156,382460,17
Marie-Therese Sölzer,Female,adelbert94@googlemail.com,758,382433,24
Bernard Schulz,Male,bonbachlissi@reinhardt.de,215,380009,22
Dr. Gilbert Gude,Male,spiesselly@schacht.de,250,363610,1
Ilhan Jungfer-Beier,Female,almutsoeding@yahoo.de,187,382465,76
Katerina Rogner,Female,henry82@aumann.de,317,382230,59
Annemarie Ackermann-Pruschke,Female,uweitzel@klotz.de,697,382145,4
Winfried Sauer,Male,maximstey@kruschwitz.org,144,382433,98
Mario Gute,Female,fzaenker@web.de,570,380006,73
Folker Boucsein,Female,ernst-august11@hotmail.de,287,363610,4
Frau Helen Heser,Female,pwernecke@hotmail.de,506,382427,31
Evelyn Bolander,Male,tkoehler@bolzmann.com,519,382220,94
Roswita Reichmann,Female,adolphevamaria@gmail.com,416,382150,55
Herr H.-Dieter Benthin,Male,cetinhermighausen@binner.com,317,382481,89
Univ.Prof. Wilfried Henck,Male,weitzelgerman@berger.com,142,382140,64
Renata Fiebig-Flantz,Female,frankedoerte@loechel.com,646,380026,38
Hans-J. Henk,Female,siegrun12@dehmel.de,236,382240,25
Dipl.-Ing. Corinne Pechel,Female,tuelay20@lachmann.net,699,382220,17
Bernt Bolander,Male,lorchkenneth@holzapfel.net,900,382230,58
Dipl.-Ing. Alwina Kohl B.Sc.,Female,schaefermargarethe@hotmail.de,563,363610,57
Bernadette Bähr,Male,arifziegert@schlosser.de,195,382140,69
Peggy Gorlitz,Male,ines45@googlemail.com,425,382120,84
Kaspar Girschner,Male,kai-uwejunken@gmail.com,993,382460,48
Ricardo Blümel,Female,valeriaheintze@hotmail.de,720,382255,11
Augustin Warmer B.Eng.,Female,cpoelitz@gmail.com,824,382460,76
Nikolai Renner-Atzler,Female,violetta26@becker.de,29,382463,5
Fatih Weihmann,Male,pbauer@yahoo.de,466,382250,20
Hansgeorg Hövel,Female,seifertgero@metz.de,910,382433,88
Ing. Lara Hornich B.Eng.,Female,jens-petermende@ruppert.de,463,382250,61
Vincenzo Pruschke,Female,ljiljana43@hofmann.org,104,382150,70
Angelique Scheuermann B.A.,Female,hseip@roht.de,214,382110,33
Leyla Schmiedt-Stahr,Male,ferdinand02@kabus.com,317,382250,43
Sina Preiß,Female,irmingardmuelichen@van.com,211,382240,19
Edith Dowerg B.Eng.,Female,cathleen92@web.de,49,382170,54
Benita Ackermann,Male,johannmargareta@gmail.com,862,363610,5
Cordula Fechner,Male,rluebs@googlemail.com,804,387810,65
Lissy Johann,Male,drubintom@googlemail.com,424,380006,69
Ing. Iris Schaaf,Female,heusermeinolf@gude.org,259,380006,53
Stanislav Zimmer,Female,schweitzerbaerbel@hauffer.net,46,382265,91
Pietro Fröhlich,Female,claudius51@gmx.de,598,382145,1
Herr Lorenz Köster,Female,kuhledward@barth.com,233,380024,9
Andrea Flantz,Male,gudruneimer@web.de,959,382120,22
Dr. Zeki Eckbauer,Male,aheidrich@ortmann.de,4,382435,40
Alfons Jockel,Female,okaester@bruder.com,584,380009,78
Robin Trüb B.Eng.,Female,schoenlandevelyn@hotmail.de,244,382470,42
Univ.Prof. Adina Fliegner,Female,simone40@gmx.de,333,382220,57
Ana Austermühle,Female,beyerdoerte@conradi.org,858,382140,72
Gloria Kraushaar,Female,christoph77@gmail.com,848,387810,21
Ing. Leonardo Eigenwillig B.Sc.,Female,mkoester@googlemail.com,360,380024,20
Margaretha Mülichen,Male,curt24@web.de,604,363610,88
Woldemar Gehringer,Male,hgnatz@kraushaar.com,561,387810,35
Dipl.-Ing. Heinz Mende B.Eng.,Female,sweihmann@hornich.com,354,382460,49
Stanislaus Seifert,Male,h-dieterthanel@gmx.de,727,382110,61
Hans-Helmut Karz,Male,hoefigsaban@rose.com,128,382115,34
Eileen Schleich,Male,langernmatthaeus@hotmail.de,158,382435,43
Maja Scheibe,Male,mhaase@gmail.com,684,382130,67
Lidwina Fiebig,Female,zentajohann@hotmail.de,390,382465,82
Heini Dobes-Henck,Male,frederik88@mans.net,791,363610,32
Ing. Tanja Barkholz B.A.,Female,sabinesegebahn@gmail.com,57,380004,40
Ricarda Naser-Beckmann,Female,trubinsarina@kranz.de,824,382240,78
Volker Ruppert-Stolze,Female,herrmanngeert@gmail.com,170,382240,34
Bruni Wähner-Trupp,Male,obolander@web.de,764,382115,5
Walfried Dobes,Female,wbauer@aol.de,688,382115,73
Lukas Kranz-Scheuermann,Male,yeimer@doerr.com,912,382460,5
Jörg Beckmann,Female,franco02@moechlichen.org,698,380016,9
Donata Täsche,Male,nerminladeck@scheibe.de,499,380061,44
Univ.Prof. Arnim Preiß,Male,mehmetehlert@fischer.com,812,380024,6
Liselotte Knappe B.A.,Male,mohaupthans-christian@kostolzin.org,325,382170,83
Reimer Drub,Female,detzold@gmx.de,339,380008,4
Berit Siering,Male,abruder@yahoo.de,938,382265,46
Dino Junitz,Female,ftrupp@hotmail.de,967,382130,55
Betti Zänker-Kensy,Male,arndmueller@rosemann.org,81,382435,81
Lidia Margraf,Male,faustherbert@googlemail.com,904,382150,45
Ing. Gertrud Römer,Female,vjunk@gmail.com,249,382220,45
Fredo Tröst,Male,ronwagenknecht@gmx.de,90,382460,37
Dr. Zoltan Mohaupt,Male,anselmloewer@matthaei.org,25,382150,57
Emmi Kroker,Female,setzold@aol.de,533,382465,69
Frau Julie Linke,Female,dragicabarkholz@barkholz.com,324,363610,84
Mirella Kambs,Male,dana79@googlemail.com,402,380019,48
Gertrud Kallert-Seip,Female,padolph@eckbauer.net,662,380001,30
Thomas Drub,Male,xkroker@googlemail.com,749,382455,90
Prof. Bert Kade,Male,ceigenwillig@barkholz.com,305,380026,44
Ing. Raik Conradi,Female,rdavids@gmail.com,509,387810,32
Tomas Liebelt,Male,drubviola@gmx.de,793,382465,37
Marie-Luise Weitzel,Male,karl-hans24@gmail.com,473,387810,2
Prof. Maximilian Mitschke B.Eng.,Male,hueseyin97@fritsch.com,693,380022,70
Hans-Friedrich Rosemann-Geisel,Male,kspeer@aol.de,700,382150,56
Dr. Jo Misicher B.Eng.,Male,fhesse@web.de,133,382240,24
Christiana Bien,Male,jheinrich@haase.org,991,363610,15
Roland Hartmann-Röhricht,Female,kallerterika@gmx.de,483,382130,28
Herr Kemal Scheuermann B.Sc.,Male,hanna90@googlemail.com,102,382465,66
Jacek Schleich,Male,ann67@heydrich.com,521,382220,9
Liesa Scheibe,Male,wilmselke@gmx.de,845,382220,4
Friedl Steinberg B.A.,Female,zlatkobohnbach@henk.net,755,382220,16
Ing. Sylvie Heinz,Female,lidija55@kobelt.com,477,382425,61
Adalbert Junken,Female,rose-marieniemeier@flantz.net,34,382465,27
Prof. Jutta Scheuermann,Male,heringannelie@juncken.de,490,380001,62
Ferdinand Möchlichen,Male,vroemer@jopich.org,759,382463,23
Herr Kaspar Geißler MBA.,Female,frederic65@gmail.com,869,382433,84
Till Hesse,Female,alenaloos@hotmail.de,675,382110,45
Univ.Prof. Adam Täsche,Male,rochus69@hotmail.de,784,382220,9
Edelgard Gutknecht,Male,farukwirth@hotmail.de,299,382450,96
Susanne Schacht,Male,ngotthard@hotmail.de,218,363610,9
Peer Lorch-Rogner,Female,ftrubin@aol.de,958,382220,15
Enver Kabus B.A.,Male,gjohann@gmx.de,360,382170,32
Annaliese Koch II-Kohl,Female,hweller@web.de,470,382427,23
Zeynep Cichorius,Male,horst-guentersorgatz@googlemail.com,184,382450,98
Dr. Anke Henck,Female,schuelerewald@rogge.org,791,387810,42
Dogan Dowerg,Female,eckbauerioannis@rudolph.de,814,380024,96
Giovanna Walter B.A.,Male,dfoerster@eckbauer.de,968,380028,9
Danielle Mangold,Male,luise51@web.de,531,363610,100
Dipl.-Ing. Karl-Dieter Siering,Female,marliesehesse@aol.de,535,382463,91
Renate Klapp-Mitschke,Female,reinhardlorch@googlemail.com,19,380028,96
Gertraud Kabus,Male,belindacichorius@gmx.de,986,382240,58
Sylvie Jacobi Jäckel,Male,hans-friedrich25@mude.org,876,363610,56
Jens-Peter Geißler,Female,desireeweimer@winkler.com,973,382110,47
Nancy Thies,Female,arnimfliegner@googlemail.com,756,380021,41
Ing. Ralf Mühle MBA.,Male,seifertjeannine@kade.org,232,382150,89
Guenther Hande-Stahr,Female,ansgarnette@aol.de,453,382430,30
Micha Herrmann B.Sc.,Female,jakob71@ladeck.org,7,382450,2
Beate Wulf,Male,milan19@roehrdanz.com,831,382450,62
Univ.Prof. Berend Jäntsch,Male,matthaeihenny@heser.de,960,382110,27
Abdullah Drubin B.A.,Female,zimmerfreddy@carsten.de,1,382450,11
Dipl.-Ing. Fredi Hartung,Male,mosemannjacqueline@aol.de,800,382481,2
Ing. Stefani Beier B.A.,Male,ikaul@kabus.de,680,382255,42
Halil Heß B.A.,Male,mahmoud69@gmail.com,443,363610,42
Egon Nerger,Male,babettreuter@fiebig.de,638,363610,23
Frederic Mielcarek-Salz,Female,ernstwilma@gmx.de,973,382460,47
Babette Mangold,Female,ruppertwaldtraut@soelzer.de,495,382265,62
Dr. Bruno Meyer B.A.,Female,pia90@yahoo.de,941,382110,92
Suse Atzler MBA.,Female,uvan-der-dussen@yahoo.de,572,382120,44
Monica Heidrich,Male,wiekgunar@aol.de,592,382120,64
Anika Kramer,Male,adelindereuter@gmail.com,799,382115,9
Maria-Theresia Beyer,Female,eauch-schlauchin@ring.net,657,382449,27
Dorothea Hesse MBA.,Female,gertraut88@hertrampf.net,542,380015,65
Cäcilie Kensy,Female,mhiller@googlemail.com,548,382260,100
Herr Ernst-Dieter Beckmann,Female,albersheinz-joachim@yahoo.de,572,380001,11
Meike Huhn,Female,vesnaschleich@pohl.com,968,382463,97
Dr. Gesine Wesack,Female,kloos@krebs.de,410,382220,97
Pietro Herrmann-Binner,Male,hermine44@gmail.com,628,382481,62
Dr. Franca Fliegner B.Sc.,Male,ntaesche@gmail.com,48,380058,50
Pero Schacht MBA.,Male,qetzold@yahoo.de,310,382120,89
Dr. Anselm Schuster,Male,margarethe04@hotmail.de,58,382463,76
Josefa Bien-Fröhlich,Male,yfechner@aol.de,243,387810,65
Ing. Guiseppe Niemeier,Male,sorgatzfranz-xaver@gmail.com,862,363610,78
Antoinette Stiebitz,Male,swenstiffel@yahoo.de,222,380060,5
Christina Hornich-Heydrich,Male,isolde26@juncken.net,701,382120,59
Patrick Huhn MBA.,Male,yasemin43@hotmail.de,579,387810,6
Dipl.-Ing. Drago Binner,Male,heddakiller@googlemail.com,618,382463,83
Dipl.-Ing. Anita Gehringer B.Eng.,Male,wullrich@web.de,659,382240,78
Wulf Davids B.Eng.,Female,cadler@roht.net,758,382120,76
Mikhail Möchlichen,Female,klemmekaterina@yahoo.de,822,380009,6
Milena Köster,Male,angeliqueditschlerin@klotz.com,732,382425,51
Gretl Schottin-Reuter,Female,buttejanin@barkholz.net,969,382150,82
Ing. Magrit Paffrath MBA.,Male,constanceheintze@googlemail.com,477,382481,82
Alla Wilms B.Sc.,Female,henri43@hotmail.de,125,382120,69
Ing. Arnd Schuchhardt MBA.,Female,schollsevim@hartmann.com,876,380016,55
Prof. Leonard Margraf MBA.,Male,fmentzel@gmail.com,167,382450,44
Hanspeter Nerger B.A.,Female,timo54@winkler.de,281,382220,93
Ing. Raymond Gertz B.Eng.,Male,leonard00@googlemail.com,720,382140,35
Maritta Matthäi MBA.,Female,harryklemm@web.de,902,382150,71
Rigo Fliegner,Male,carolakroker@web.de,2,380058,48
Ing. Ryszard Hettner B.A.,Female,falkpoelitz@karge.de,763,382255,99
Czeslaw Finke,Male,mirjamsoeding@gmail.com,391,382465,100
Niko Scholl-Bolander,Male,hsoeding@junk.net,9,382213,50
Tania Stadelmann,Female,nicolausstadelmann@heser.com,925,382145,17
Ing. Natalja Eimer MBA.,Male,alinefechner@web.de,242,382463,64
Louise Scholtz,Male,bogdan42@gmail.com,488,382213,24
Aneta Heintze-Scholtz,Male,schaefercornelia@schenk.com,885,382450,6
Dipl.-Ing. Edmund Meyer MBA.,Male,mbirnbaum@lachmann.com,216,382250,17
Hans-J. Kostolzin,Male,henckernst-otto@roht.com,116,382115,59
Conrad Junk,Female,barthoxana@aol.de,905,382145,38
Diedrich Stoll,Male,karzmeik@googlemail.com,551,382150,7
Jörn Ziegert,Male,qdavids@jaekel.de,482,382150,50
Herr Harri Schwital B.Eng.,Female,ymangold@ortmann.net,509,387810,16
Annett Gehringer,Male,schuchhardtsvetlana@kensy.de,963,382140,39
Sylvester Jacobi Jäckel B.Sc.,Male,gertibarth@yahoo.de,90,382120,36
Alberto Schmiedt B.Sc.,Male,kmeister@hotmail.de,126,382255,73
Anton Kaul,Male,zscheibe@googlemail.com,389,363610,35
Herr Pascal Lorch,Female,denise21@googlemail.com,131,382220,23
Hildegund Steckel,Female,iraedel@taesche.com,853,382481,16
Frau Walentina Kensy,Female,tschentscherphillip@aol.de,240,380008,27
Karl-Peter Striebitz-Drub,Female,kaethe63@hofmann.de,295,380050,83
Ing. Isabell Klapp,Male,hmende@gmail.com,311,382460,29
Dipl.-Ing. Sibylla Langern,Female,koehlerfranco@flantz.de,719,382170,59
Anne-Katrin Kade,Female,gwende@gmx.de,566,382145,11
Lorenzo Heinrich B.Sc.,Female,marit94@heidrich.com,677,382433,54
Peter Kohl,Male,naservinzenz@googlemail.com,562,380050,29
Ing. Waldemar Dehmel,Female,ybiggen@gmx.de,66,382460,46
Ralf Geisler B.A.,Male,beyercarmine@yahoo.de,685,382150,71
Gerd Klemt MBA.,Male,thorben84@yahoo.de,478,382460,81
Dr. Pierre Stiffel,Female,cemalrogge@yahoo.de,264,380058,24
Hans-Helmut Scholz-Losekann,Female,hedwigstolze@web.de,787,382120,13
Silvester Häring,Male,rohtdietmar@web.de,814,382255,72
Andrej Rudolph,Female,nmentzel@gmail.com,382,363610,72
Hilda Girschner B.Eng.,Female,hoerlewilfriede@soeding.com,894,380022,62
Adrian Scholtz MBA.,Female,oheinz@schulz.de,677,382110,2
Waltraut Speer-Hering,Male,clehmann@googlemail.com,742,382130,100
Gerard Beckmann,Male,mschacht@aol.de,1,380021,81
Monique Hesse B.Sc.,Female,agumprich@haering.com,512,382220,9
Nikolaus Nohlmans,Male,annekatrinotto@aumann.org,708,382120,47
Alexandre Rogner,Female,erich43@gmail.com,643,382150,58
Gerard Aumann B.Sc.,Female,wilmsenwenke@web.de,376,382210,68
Univ.Prof. Sieghard Schmidtke B.A.,Female,rolf-dieterhande@hotmail.de,95,382230,64
Anna-Marie Margraf,Female,heinzevangelia@hotmail.de,135,382220,42
Univ.Prof. Sigrid Weitzel,Male,hellwigvolkmar@muelichen.com,405,382220,19
Ing. Rosa-Maria Schleich B.Eng.,Male,marie17@binner.com,375,363610,60
Isabel Gude-Krause,Male,chermann@putz.de,844,382265,99
Sami Dörschner,Female,striebitzludmila@flantz.com,449,382230,29
Francisco Seip,Male,brita32@hotmail.de,813,382110,47
Ing. Karl-Hans Krebs,Female,ellinor73@grein.com,663,382150,57
Benita Holsten MBA.,Female,rudolf87@googlemail.com,760,380026,34
Dr. Anna-Maria Boucsein B.Eng.,Female,rackermann@lehmann.net,608,382220,99
Mirko Heuser,Male,wagenknechtsylvio@web.de,718,382481,65
Dipl.-Ing. Gerhart Spieß B.Sc.,Female,handezdravko@gmail.com,163,382230,44
Carmine Löffler,Female,tsaeuberlich@christoph.de,618,382120,60
Sigurd Adolph,Female,gaborkensy@gmail.com,136,382240,90
Cläre Ring-Wirth,Male,ingridtrommler@gmail.com,312,382255,77
Eleonora Geisel,Female,margritsaeuberlich@googlemail.com,184,382220,95
Friedrich-Wilhelm Thanel,Female,hildegundewesack@hotmail.de,312,380015,94
Ferdinand Zänker,Female,nadeshda76@flantz.de,775,382481,1
Karl-Friedrich Budig,Female,juliusring@textor.de,856,380004,2
Herr Edward Wernecke,Female,arnulf17@gerlach.de,20,382460,42
Apostolos Trüb,Female,bertram13@hotmail.de,45,380050,59
Ana Gude B.Eng.,Male,lbeyer@web.de,526,380016,62
Mohamed Mosemann B.A.,Female,pasqualekoester@yahoo.de,908,382250,46
Leonard Austermühle,Female,danicatrapp@seip.net,150,382145,78
Aneta Eckbauer MBA.,Male,amirmies@aol.de,333,382115,82
Gernot Röhricht MBA.,Male,robertohellwig@yahoo.de,768,382425,65
Serge Winkler,Male,vollbrechtmiriam@froehlich.de,689,382455,27
Hansgeorg Schmiedecke,Female,sergej55@googlemail.com,91,380008,50
Giorgio Margraf,Male,eckarthess@gmx.de,325,382425,89
Luciano Mies MBA.,Female,sarahklemt@gmx.de,815,382460,43
Hans-Dietrich Schinke,Female,omeister@yahoo.de,182,382455,21
Dipl.-Ing. Hubertus Fiebig,Female,imke95@bolzmann.de,977,382120,65
Dipl.-Ing. Tim Fliegner,Male,ernst-dieterwagenknecht@gmx.de,34,382115,8
Steve Gröttner,Female,ria11@radisch.de,64,382455,19
Berndt Austermühle-Hermighausen,Male,dscheibe@aol.de,918,382220,64
Niels Löchel,Female,natascha91@budig.org,776,382230,15
Irmi Bolnbach MBA.,Female,roggeangelo@web.de,323,382220,100
Zeljko Killer MBA.,Male,npaffrath@web.de,2,380028,78
Ewald Röhrdanz,Male,ldoerschner@aol.de,7,382120,75
Edwin Heidrich,Male,scholtzerkan@wulf.com,485,382260,82
Univ.Prof. Bernt Bolzmann,Female,elvira97@mueller.de,607,382435,44
Cathleen Krein,Female,roehrichtsteven@hotmail.de,531,382463,22
Stephan Wohlgemut,Male,margrafeva-maria@weller.com,382,363610,28
Frau Patricia Zirme,Male,istey@vogt.com,725,382260,49
Dr. Mariusz Förster B.Sc.,Male,mmatthaei@koester.org,326,380026,63
Sigismund Bolzmann-Weihmann,Female,lilly62@schomber.org,213,382220,64
Jasmina Oestrovsky B.Eng.,Male,dippelbernhardine@yahoo.de,40,382140,25
Dipl.-Ing. Arndt Neureuther B.Sc.,Female,foerstertim@aol.de,173,382170,100
Frau Ellinor Becker B.Eng.,Male,ann-kathrin78@gmail.com,873,382250,36
Dr. Luzie Jockel B.A.,Female,friedemann58@gmail.com,882,382120,13
Irmhild Klemm,Male,elkedrub@kuhl.com,288,380028,91
Christoph Hermighausen MBA.,Male,gschmiedecke@noack.com,636,382481,100
Abraham Römer,Male,reginereuter@auch.com,205,382150,34
Prof. Maike Davids MBA.,Female,anna-maria50@wesack.net,170,380004,59
Reimar Walter,Female,kkeudel@yahoo.de,472,382115,71
Artur Faust,Male,olavetzold@jacob.com,531,382230,54
Herta Löffler,Male,hansjuergen75@doerr.de,618,380060,64
Dr. Claus-Dieter Ziegert B.Eng.,Female,ametz@googlemail.com,535,382240,43
Gertraude Schlosser-Vollbrecht,Female,karsten97@niemeier.com,922,382110,53
Dipl.-Ing. Nikolai Müller,Female,violetta27@hotmail.de,359,382433,2
Florian Anders MBA.,Male,axelfoerster@aol.de,520,380024,28
Bertha Atzler B.Sc.,Male,rkroker@web.de,580,380024,28
Roland Geisel B.Eng.,Female,gditschlerin@gmail.com,474,382460,82
Eckard Seip,Female,olga33@spiess.de,514,380022,87
Delia Jacobi Jäckel,Female,ceigenwillig@biggen.de,830,363610,85
Hans-Gerhard Bohlander,Male,blochbalthasar@krebs.com,306,380004,39
Dipl.-Ing. Ekrem Gröttner MBA.,Male,alma76@gmx.de,62,382450,92
Karl-Wilhelm Bender,Female,adrian20@gude.com,75,382250,36
Dipl.-Ing. Gülsen Rudolph MBA.,Female,fschenk@schweitzer.com,332,382170,88
Frau Gerlinde Sauer B.A.,Female,fabiennegeisel@etzold.de,676,382240,47
Aleksej Hauffer,Male,araedel@ernst.net,427,380061,26
Michael Scheel,Female,thenschel@hellwig.de,706,363610,44
Ole Ritter,Male,jacobreinald@yahoo.de,295,363610,1
Virginia Bolzmann,Male,felicitasgierschner@yahoo.de,15,382145,36
Tabea Johann,Female,ilijathies@wende.de,513,380015,50
Prof. Engelbert Köster B.Eng.,Male,anneliecaspar@web.de,957,382481,36
Alida Dietz,Female,oliver42@yahoo.de,216,382150,31
Gabor Putz,Female,ricardo56@hornich.net,562,382425,20
Prof. Jürgen Kroker,Male,dlindner@etzler.com,602,382460,23
Ibrahim Schuchhardt-Bauer,Female,kboerner@web.de,774,380007,46
Sylvio Säuberlich,Female,ntrapp@googlemail.com,625,380001,28
Jonas Putz,Female,alfonso73@gmx.de,406,382120,3
Raissa van der Dussen,Female,albankuhl@ernst.de,672,382260,93
Fridolin Gieß-Pärtzelt,Female,ronaldholt@aol.de,230,382210,25
Hans-Peter Rosemann,Male,helmabaum@web.de,167,380015,76
Marleen Kroker,Male,alois19@kuehnert.com,871,382255,78
Gebhard Jessel,Male,gabriela07@gmx.de,584,382110,40
Zdenka Steinberg,Male,elfriede40@gmail.com,299,382430,17
Reinhart Kuhl,Male,ladecknikolai@yahoo.de,339,382150,83
Mirko Vogt-Karz,Female,ybiggen@googlemail.com,248,380058,21
Rosmarie Niemeier,Male,schleichhanife@yahoo.de,534,382450,89
Leopoldine Rädel,Male,sorgatzantonio@aol.de,182,382276,81
Arndt Keudel,Male,weinholdzoltan@meister.net,131,380001,90
Bettina Weller,Female,schinkeheiko@ring.com,823,382435,20
Bozena Heser,Female,oda85@klapp.de,826,382433,3
Theres Dietz,Female,marionkreusel@aol.de,891,382170,42
Andrei Henk,Female,dlangern@web.de,192,382255,62
Dipl.-Ing. Yilmaz Spieß B.Sc.,Male,obonbach@gmail.com,696,382240,100
Dr. Margaretha Gehringer B.Eng.,Female,karl-hermann47@googlemail.com,827,380058,12
Simona Zorbach,Male,anneli54@googlemail.com,61,382230,52
Dr. Knut Nette MBA.,Female,guenther09@textor.com,413,380001,85
Tomislav Stiebitz,Male,heydrichkasimir@dehmel.net,308,382460,50
Silvana Jäntsch,Male,kirsten13@googlemail.com,414,382220,17
Horst Bonbach-Kensy,Female,veli45@gmail.com,562,382465,12
Nadja Reuter,Male,zheidrich@gmx.de,448,382260,24
Dorothee Juncken,Male,zbohlander@aol.de,102,382265,56
Leonid Metz,Male,holzapfeltraugott@yahoo.de,787,382250,84
Prof. Marlen Reuter MBA.,Female,linkedanilo@aol.de,557,382465,56
Kathy Ring-Hofmann,Female,pohlswen@aol.de,820,382145,33
Brita Girschner,Female,uweimer@hotmail.de,53,382170,1
Niels Jungfer,Male,flangern@schuster.org,597,382140,93
Mehmet Etzler,Male,benjamin88@kitzmann.de,894,382150,38
Henriette Birnbaum,Male,hartmannkira@zaenker.com,52,380001,84
Joanna Eckbauer,Male,trudolph@aol.de,342,363610,32
Mirco Ackermann,Male,fhofmann@sager.com,368,380007,55
Herr Stanislaus Schönland B.Sc.,Female,ehrenfriedstaude@wirth.de,995,380022,4
Senta Buchholz,Female,heikescholtz@holt.org,208,387810,42
Mirja Schottin-Trub,Female,karl-wilhelmwende@gmx.de,350,382425,37
Univ.Prof. Barbara Noack B.A.,Male,kostolzinxaver@web.de,696,382250,41
Dipl.-Ing. Geza Textor,Female,hans-petersorgatz@wernecke.de,625,382170,98
Zlatko Flantz,Male,rjaehn@ladeck.org,224,380027,79
Dr. Amanda Klotz,Male,bladeck@googlemail.com,972,380001,55
Sofia Warmer,Female,pergandemandy@bonbach.de,492,382240,63
Igor Seifert,Female,marzena09@web.de,47,382115,55
Leopoldine Klapp-Beyer,Female,nicolastrapp@trub.de,550,380021,74
Dr. Evelin Baum B.A.,Female,raisa20@gmail.com,504,382140,5
Ing. Mijo Stey,Female,eckehard09@gmail.com,92,382433,16
Alfredo Gerlach,Female,qdussen-van@karge.de,595,382115,60
Gerhardt Kruschwitz,Male,aniemeier@karge.org,806,382465,37
Eckhart Aumann-Adolph,Male,paulinaortmann@warmer.de,302,382425,10
Luitgard Ebert,Female,kensymarvin@langern.com,509,382463,91
Univ.Prof. Andre Gutknecht,Male,semra95@yahoo.de,139,382115,79
Cemal Reinhardt-Wende,Female,berta92@web.de,869,382140,62
Juergen Biggen-Pergande,Male,eugenieraedel@eimer.de,540,380004,26
Thea Hentschel,Male,elsbeth00@briemer.org,258,363610,62
Daria Döring,Male,riza76@aol.de,587,380019,43
Univ.Prof. Eckehard Seifert B.Eng.,Female,moniqueschueler@hotmail.de,422,380006,59
Matthäus Kostolzin,Male,lisette22@binner.de,742,382170,31
Freia Blümel,Male,schleichehrenfried@salz.com,704,382435,85
Lars Siering,Female,suekrue45@yahoo.de,898,382425,81
Irma Spieß,Male,guenther13@walter.org,442,382130,94
Friedo Schleich,Female,georgiosdussen-van@ditschlerin.net,455,380001,5
Dr. Norma Margraf,Male,nurettinbohnbach@gmail.com,849,380058,41
Olav Trubin,Male,rreichmann@zaenker.com,310,382220,22
Mechthilde Rogge,Male,pechelpauline@hotmail.de,478,382435,9
Willi Textor,Female,aloislorch@groettner.de,629,382145,91
Herr Jobst Otto MBA.,Female,hjopich@stiebitz.com,83,382220,55
Iris Knappe-Neuschäfer,Male,bstriebitz@gmx.de,954,382115,3
Zoltan Rädel,Female,lissy89@aol.de,352,382450,47
Mariusz Döhn,Male,darko73@anders.org,287,382433,100
Gunhild Wulff,Female,fholzapfel@web.de,552,382330,59
Edgar Schmidt-Kuhl,Female,klaus-ulrich85@mielcarek.de,312,382425,83
Ing. Hanne-Lore Kühnert,Female,jane70@gmx.de,319,382110,28
Erol Nohlmans,Female,ofechner@web.de,266,380022,2
Andy Hermighausen-Stolze,Female,xtrupp@gmx.de,667,382170,13
Tilmann Haase,Female,xhande@aumann.de,971,382425,16
Fatma Linke,Male,maja88@gmail.com,201,382463,81
Josip Meister B.Eng.,Female,tomschlosser@aol.de,984,382465,60
Vinko Jacobi Jäckel-Fiebig,Female,maritawesack@hornig.net,481,382460,58
Aleksandra Ebert B.Sc.,Male,samirajacobi-jaeckel@gmx.de,138,382115,77
Mathilde Sölzer,Female,anna-lenajunk@loeffler.com,938,382255,44
Hanne Henk-Ring,Female,vito09@lehmann.de,970,380001,47
Kira Noack B.Sc.,Female,ellykrein@ullrich.com,391,380008,40
Birgid Junk,Male,caecilie59@yahoo.de,59,382425,9
Hans-Gerhard Heintze B.Eng.,Male,siegrun40@aol.de,660,382120,44
Witold Gotthard-Binner,Female,hildegartortmann@jaehn.de,313,382120,67
Dr. Dora Wagenknecht,Male,lotharhenck@bender.com,763,382120,50
Prof. Ahmet Heydrich,Female,kochsalih@googlemail.com,871,382145,78
Willibert Heidrich,Male,vitali89@web.de,431,380022,52
Prof. Walli Heinz,Female,kornelia51@googlemail.com,591,380054,51
Philomena Hande-Wirth,Male,langerndimitri@loos.com,112,380061,20
Josephine Trubin MBA.,Female,amelie19@fliegner.com,253,382430,84
Hans-Josef Wirth,Female,augustinbudig@web.de,919,382220,90
Katharine Hermighausen,Female,erhardt90@kramer.de,541,380001,8
Sabrina Grein Groth,Male,hartmutheser@birnbaum.com,501,387810,68
Hannchen Buchholz,Female,biancalosekann@googlemail.com,384,382463,32
Stefan Nerger,Male,niemeierjosephine@gmail.com,32,380058,8
Klaus Peter Hauffer,Female,rocco67@koehler.de,830,382220,85
Patricia Adolph-Fischer,Female,erna88@yahoo.de,628,382460,36
Theodora Vollbrecht,Male,hassojaehn@hiller.de,805,382465,24
Univ.Prof. Miriam Sager,Male,rosenowfernando@rosemann.com,508,382140,33
Armin Ladeck MBA.,Female,klaus-michaeljunitz@paffrath.com,847,382240,98
Sigismund Nette,Male,immolindner@loechel.com,753,382213,25
Raymund Geisel,Male,kkuhl@googlemail.com,449,382430,90
Univ.Prof. Jann Ullrich B.A.,Male,nurten78@googlemail.com,575,382170,88
Vincenzo Rose,Male,rustsabine@haering.net,322,382465,59
Dipl.-Ing. Ina Löchel,Male,schinkehubertus@stadelmann.com,972,382240,22
Alfredo Buchholz,Female,burghard22@gmail.com,231,380001,61
Ole Kohl,Female,amalie54@yahoo.de,129,382465,69
Tomislav Köhler,Male,hessjan@hettner.de,431,382465,51
Ing. Raymund Herrmann,Male,guenther68@gmail.com,637,382465,66
Gunda Gumprich,Male,ditschlerintassilo@scholz.de,35,382230,89
Eugenia Geisler,Female,hmeister@gmx.de,84,380001,97
Herr Werner Hettner,Female,lia71@aol.de,413,382170,50
Dr. Delia Linke B.Sc.,Male,gorlitzleonid@baehr.net,626,380006,45
Prof. Irmtrud Jungfer MBA.,Female,hartmannhildegund@paertzelt.org,577,382120,11
Elise Täsche,Female,dianeebert@suessebier.de,602,380027,75
Cornelia Hiller,Male,celalhenschel@gmx.de,968,382430,79
Luitgard Müller,Male,ben75@weinhage.de,494,363610,46
Jan Albers,Male,gabrielcarsten@web.de,248,382210,52
Walter Binner,Male,ypohl@kambs.de,811,382463,22
Harold Werner-Sölzer,Female,frankeiwona@eimer.de,330,382210,16
Hannah Stiffel,Male,soelzerkreszenz@schoenland.com,100,363610,85
Dusan Bärer,Female,friedlbauer@striebitz.de,89,382250,36
Gönül Scholtz,Male,freddy91@googlemail.com,348,382115,76
Frau Karen Patberg B.Sc.,Female,iloewer@becker.com,989,380001,100
Gertraut Paffrath,Male,heintzemariele@gmail.com,283,380004,11
Marius Rose,Female,linusschulz@jacobi.de,951,380026,65
Nadja Schomber,Male,oschleich@yahoo.de,323,382250,95
Friedhilde Berger MBA.,Female,dorothea69@hotmail.de,915,380028,77
Wolfgang Gumprich,Male,vsontag@schleich.de,122,380004,58
Erik Thanel,Female,tamaragumprich@gmail.com,125,382220,23
Vincent Gutknecht,Male,sepphenck@dussen.com,815,382115,19
Frau Magda Etzold MBA.,Male,lgierschner@aol.de,835,382425,45
Hans Peter Kostolzin-Ditschlerin,Female,fischerayten@gmx.de,512,363610,60
Erhard Dippel-Trub,Female,xeberhardt@adler.net,484,382463,3
Brit Winkler-Thies,Female,jens-uweaumann@aol.de,204,380019,47
Hans Oderwald,Male,fatimakoch@rudolph.de,489,382220,64
Helmuth Barkholz MBA.,Male,bmies@hotmail.de,490,382170,52
Irmtraud Hartung,Male,sieringeva-marie@web.de,84,382130,38
Herrmann Heinz,Male,doeringuli@hartung.de,851,382250,72
Sibille Tschentscher,Male,haasemarga@grein.de,188,382265,8
Cäcilia Winkler,Female,dragoscheel@web.de,912,382220,3
Franz-Josef Kade,Male,holzapfelrosalia@noack.com,345,380009,48
Alois Eberhardt B.Sc.,Female,silvaheinz@aol.de,567,382150,61
Univ.Prof. Wilfriede Schinke,Female,nadinbutte@googlemail.com,919,382140,19
Antonietta Kusch-Trommler,Female,scholtzmandy@bruder.de,896,382230,91
Karl-Josef Schomber-Putz,Male,hubertus84@yahoo.de,208,382230,32
Gesine Henschel,Female,njunitz@huebel.com,336,382425,2
Gabi Mentzel-Davids,Female,heintzezehra@hotmail.de,246,382210,69
Jaroslaw Rogge,Female,deberhardt@gmx.de,385,382120,48
Dipl.-Ing. Corinna Butte,Female,pputz@eigenwillig.org,961,382255,34
Roman Krause-Dörr,Female,ingeborg75@web.de,683,382120,41
Urte Seip,Female,mgehringer@web.de,72,382435,100
Ing. Ibrahim Pruschke B.Sc.,Female,rosa-mariarenner@yahoo.de,693,382460,8
Herr Ole Steinberg B.A.,Male,donatagirschner@kusch.de,947,382230,11
Gabor Fischer MBA.,Female,jana27@pechel.de,329,382220,33
Jörg-Peter Kobelt,Male,robby90@benthin.net,376,382130,79
Saskia Knappe-Gute,Female,schleichdoris@aol.de,946,387810,84
Dr. Elias Lübs,Female,corinne00@web.de,679,382465,4
Mirco Rosemann,Male,milica79@yahoo.de,271,382470,93
Prof. Tamara Schäfer,Female,german59@gmail.com,714,382140,81
Hans-Martin Ziegert-Dobes,Male,ottomarhethur@geissler.de,921,380022,4
Balthasar Etzler B.A.,Female,aleksejmuelichen@zaenker.de,845,382230,93
Janet Roht B.Sc.,Female,heinrichahmed@jaehn.com,196,380019,53
Frau Ortrun Loos,Male,margotlosekann@aol.de,139,382260,32
Ella Stoll,Female,jrogge@linke.com,131,382120,38
Thorben Jungfer,Male,arosemann@hotmail.de,871,382230,26
Dipl.-Ing. Claus-Peter Meyer,Male,henri37@vogt.net,301,380027,92
Centa Hänel,Female,hans-gerd06@naser.org,837,382150,76
Bernd Bachmann,Male,brittamisicher@jockel.com,198,382250,95
Tibor Kroker MBA.,Female,melissaschuchhardt@yahoo.de,283,382140,43
Waltraud Gorlitz-Dobes,Female,cetzold@hoerle.de,174,382455,3
Nadja Thies,Male,nettebrian@schulz.com,347,380021,30
Prof. Eugen Rogner B.Eng.,Female,hans-gerhardadler@niemeier.de,648,382463,52
Dipl.-Ing. Barbara Heydrich MBA.,Male,schleichheinz-dieter@yahoo.de,476,382110,13
Ing. Tabea Noack,Male,ueigenwillig@hotmail.de,206,380022,95
Julie Staude-Dussen van,Male,stefanidrubin@ruppersberger.net,89,382210,38
Eleonore Schüler,Female,michaeladippel@hotmail.de,626,382145,41
Blanka Hübel,Male,alenaditschlerin@scheuermann.org,984,380054,5
Margret Freudenberger MBA.,Male,ingelorechristoph@klemm.com,368,382110,11
Pietro Adler,Male,rtlustek@buchholz.de,774,382460,49
Recep Wilmsen-Baum,Female,bpohl@bolnbach.com,361,382449,47
Jörn Ernst B.Sc.,Female,klaus-guenter75@eberth.com,11,382170,71
Dipl.-Ing. Sylke Seifert,Male,xkitzmann@gunpf.de,513,380001,9
Felix Müller-Wernecke,Male,salihullmann@yahoo.de,73,382140,75
Prof. Henning Lachmann B.Eng.,Male,lachmannfridolin@ebert.de,557,380007,51
Erica Davids,Male,joergenhuhn@yahoo.de,271,380004,79
Dr. Susan Täsche,Female,koestersalvatore@gmail.com,427,382230,69
Lisette Scholtz,Female,fmuehle@googlemail.com,129,380001,92
Univ.Prof. Leonid Segebahn B.A.,Male,ulrike97@googlemail.com,410,380021,34
Evamaria Kade,Female,emmabien@web.de,1000,382213,3
Sylvio Wieloch,Female,rohtuta@googlemail.com,82,382170,47
Carl Lorch MBA.,Male,mkobelt@gmail.com,717,382210,23
Frau Marianne Spieß,Female,mircoehlert@scheel.org,944,380004,43
Mathias Weinhold,Male,ynette@googlemail.com,749,380019,5
Anthony Seifert,Female,wiekpatric@ullmann.com,60,382120,74
Dipl.-Ing. Egbert Bolander B.Sc.,Female,chein@gmx.de,64,363610,68
Asta Käster,Male,textorurte@rohleder.de,491,382220,1
Caterina Geisel-Schlosser,Female,harri65@wesack.com,728,382150,49
Hans Jäntsch,Male,kaethi65@gmail.com,327,380004,82
Hermann-Josef Wagner,Female,riasalz@wulff.com,669,382427,22
Dogan Reuter,Male,isidorhamann@stumpf.com,135,382255,51
Eckhard Fritsch,Male,riehlralph@giess.de,325,382150,53
Franca Davids-Oderwald,Female,falko55@googlemail.com,52,382240,8
Reni Binner,Male,sigrid98@yahoo.de,809,382213,13
Ing. Kordula Loos B.A.,Male,zhahn@austermuehle.de,509,382450,19
Dr. Hulda Weller MBA.,Male,miespeter-michael@gmx.de,361,382130,79
Ing. Ester Hellwig B.Eng.,Female,katarzynaroht@schlosser.org,949,382276,41
Univ.Prof. Inna Biggen B.Sc.,Female,patbergfriederike@gmx.de,541,382330,28
Andres Scholz,Female,abraham27@yahoo.de,245,382460,68
Jacek Fischer,Female,kaesterdarko@loeffler.com,960,363610,7
Dr. Annekatrin Etzold,Female,conradiruthild@googlemail.com,684,382255,12
Gertraut Fliegner,Male,dobesroman@gmail.com,206,363610,61
Jozef Mende,Female,qflantz@heidrich.com,626,382230,96
Angelica Weihmann,Female,nanders@kambs.de,824,382450,33
Herr Wolf-Rüdiger Förster B.Eng.,Female,marie10@holt.de,154,387810,1
Maria-Luise Rohleder,Male,xhering@klapp.com,431,380001,27
Lilo Patberg,Female,karlheinz69@kaester.com,510,380024,40
Giuseppina Ullrich,Male,aneta33@meister.de,450,382150,54
Marica Heidrich,Male,weinhagejuergen@nette.de,594,380001,20
Dr. Ottokar Hesse,Male,klaus-dieter19@meister.com,772,382220,57
Dr. Isa Beyer,Female,ihentschel@web.de,583,380021,4
Miroslaw Beer,Female,madeleinestolze@cichorius.net,789,382145,6
Ing. Axel Zorbach,Female,jochen67@aol.de,1000,382330,88
Rudolf Plath-Barkholz,Male,johannesernst@ullmann.com,968,382140,29
Edgar Mende,Female,hans-erich30@weitzel.net,720,382150,74
Dr. Goran Striebitz B.A.,Female,rizaweitzel@fischer.de,835,380008,41
Annelise Wulf,Male,rognerclaus-peter@austermuehle.de,208,380001,67
Erkan Hauffer,Male,dunjajunken@faust.com,902,382427,50
Ruth Renner,Male,ljungfer@googlemail.com,705,382170,82
Hilmar Ortmann,Female,jeannine44@yahoo.de,208,382150,32
Isolde Bolnbach,Female,rosina07@meister.net,533,382260,92
Apollonia Trüb-Köhler,Male,rhahn@mentzel.org,423,382427,56
Ing. Daria Hermann,Male,uehlert@hotmail.de,840,382115,27
Hanna Lehmann,Male,dippelhanni@doerr.com,236,382449,99
Anneke Säuberlich,Female,bernhardineweiss@kruschwitz.com,826,382170,17
Herr Erdal Riehl MBA.,Female,dorothehande@gmx.de,592,380001,44
Svetlana Hein,Female,immofischer@web.de,796,382210,64
Dr. Suzanne Bruder B.Sc.,Male,valentin89@gmail.com,239,382220,85
Albina Caspar,Male,oruppert@rosenow.net,420,380058,63
Pauline Koch II,Female,ikiller@matthaei.de,231,382230,24
Ron Dussen van,Female,mareile67@gmail.com,321,382115,99
Katarzyna Trommler B.Eng.,Male,leasteckel@aol.de,713,380058,67
Witold Boucsein,Male,vitali88@yahoo.de,621,382230,66
Stephan Vollbrecht,Female,luise98@yahoo.de,324,382240,92
Siegrid Schmidt,Male,heinz-joachimkrause@hellwig.de,98,380028,32
Ahmed Scholtz,Female,bernard91@winkler.com,108,382240,34
Margita Schleich,Female,roemerhans-wolfgang@cichorius.com,304,382255,38
Susanne Hermann-Weller,Male,darkoreuter@pruschke.com,793,382435,56
Jochen Roht,Male,ottfried55@hettner.com,488,382150,59
Wilhelm Lindner,Male,tillstiebitz@web.de,782,380006,90
Univ.Prof. Andrea Bohlander B.Sc.,Female,hweiss@googlemail.com,159,382433,34
Hanna Hoffmann,Female,axelschweitzer@bachmann.com,969,382145,54
Hans-H. Liebelt,Male,zoranspeer@yahoo.de,680,382435,100
Dr. Dagmar Holsten,Female,susangutknecht@conradi.com,686,380007,15
Kata Weitzel,Female,ekkehardzahn@gmx.de,410,382450,30
Arnulf Schleich,Male,lkobelt@zorbach.com,108,382150,66
Marta Nerger,Female,cstiebitz@gmx.de,474,380016,75
Frau Selma Plath,Female,veronica94@becker.com,256,382250,20
Nicolaus Hübel,Female,arnoeimer@gmx.de,875,382230,99
Gerwin Gunpf,Female,thaddaeusjaehn@hotmail.de,54,382465,47
Magdalene Barth,Female,raphaela11@dobes.org,766,382481,14
Semra Mosemann,Female,barthaleksej@hotmail.de,433,382110,22
Ronald Siering,Female,pieperjosip@googlemail.com,410,382435,86
Helmuth Cichorius-Ruppersberger,Male,mandy31@gertz.de,39,380001,21
Irmtraut Bolzmann,Male,rosl24@gmail.com,118,382220,39
Alexa Röhrdanz MBA.,Female,annettegroettner@gmail.com,968,380054,90
Kornelia Eigenwillig,Female,hoefigalexandros@yahoo.de,576,382463,85
Herr Dagobert Eimer MBA.,Male,kzobel@googlemail.com,937,382230,17
Joana Kuhl-Hentschel,Male,wiebkedrub@hotmail.de,579,380026,84
Svea Mangold,Female,stahrnorbert@junck.com,362,382255,89
Univ.Prof. Rena Ernst MBA.,Female,ysteckel@hoevel.com,40,382150,76
André Heinz,Female,heinz-willi95@luebs.de,247,382240,52
Utz Hiller,Female,knut74@aol.de,545,382427,28
Gordon Segebahn MBA.,Female,olafmueller@aol.de,487,380015,74
Albertine Krebs,Female,gehringermaria@heintze.com,956,382450,46
Isidor Lachmann,Male,maritstaude@gmail.com,652,382450,10
Elias Mentzel,Male,friehl@seifert.de,800,382115,85
Univ.Prof. Zita Staude,Female,hahnrotraut@hotmail.de,467,382230,56
Prof. Hannah Kramer,Female,juttaoestrovsky@stiebitz.de,943,380001,50
Dr. Irena Striebitz MBA.,Male,angelinahethur@bohlander.net,565,382115,100
Anne-Rose Kohl,Male,herbert29@aol.de,289,382110,11
Peggy Mende,Male,mstiffel@fechner.com,626,382220,2
Ing. Ella Spieß,Female,semra43@aol.de,872,380009,17
Marina Seifert,Female,alwineriehl@web.de,71,380060,30
Dorothe Mude-Trüb,Male,pergandeandreas@mans.de,396,380016,36
Janine Scheibe,Male,zeigenwillig@gmx.de,200,382265,58
Ehrentraud Schmiedt,Male,juergenholzapfel@ziegert.com,363,387810,67
Jovan Klingelhöfer,Male,meisterfreia@finke.com,16,382140,21
Emilie Freudenberger,Male,zwohlgemut@rose.de,826,382220,12
Univ.Prof. Larissa Mans B.Eng.,Female,achimmende@googlemail.com,900,380008,53
Dr. Fanny Steinberg B.Sc.,Female,rose-mariezorbach@gmail.com,96,382115,18
Valentina Gertz,Male,sfaust@haase.de,955,387810,31
Hertha Patberg,Male,herrmannhans-h@web.de,248,382240,49
Dipl.-Ing. Leokadia Sölzer B.A.,Male,dinahamann@vollbrecht.de,688,382140,38
Marisa Kühnert-Roskoth,Male,steybeate@hotmail.de,705,382115,45
Toralf Henschel MBA.,Male,speereckhard@hotmail.de,905,387810,4
Dipl.-Ing. Ruth Seip,Female,whering@seifert.de,291,382150,38
Katharine Schinke,Female,tabeareuter@hotmail.de,995,382115,25
Ladislaus Warmer,Female,dolores58@gmx.de,45,382220,67
Prof. Karl-Dieter Pechel B.A.,Male,marit14@hotmail.de,800,382465,13
Fritz Hendriks,Male,adembarkholz@hotmail.de,23,382255,45
Rotraud Wagenknecht,Female,albrecht20@dehmel.net,245,380001,3
Heidi Ritter,Female,gabisorgatz@web.de,903,380001,54
Viviane Haering-Beer,Male,wenkehoerle@reichmann.org,965,382430,21
Mercedes Wirth,Male,nils27@yahoo.de,446,382115,31
Lara Tröst,Male,irenestriebitz@yahoo.de,447,363610,7
Prof. Gerhild Otto,Female,van-der-dussenricardo@hethur.com,477,382230,63
Siegfried Scholz,Female,weimerekkehard@gmx.de,198,382455,2
Liesel Pechel MBA.,Male,darkoschwital@hermighausen.com,456,380024,10
Siegbert Meister,Male,rosejeanette@gmx.de,240,382120,58
Ahmad Söding,Male,fschweitzer@googlemail.com,872,363610,47
Igor Weiß,Female,suse75@yahoo.de,668,382120,34
Univ.Prof. Mary Blümel B.Eng.,Female,walterevelyn@yahoo.de,371,380026,89
Univ.Prof. Hans-Karl Hellwig,Female,vhiller@hotmail.de,289,382276,15
Kläre Wiek,Female,daniellenohlmans@aol.de,408,382170,99
Lena Möchlichen,Male,vrose@hornich.de,794,382150,7
Dr. Paul-Gerhard Kühnert B.Sc.,Male,wellerfriedl@tlustek.com,156,382455,54
Ing. Ramazan Schleich,Female,handewolf@otto.de,206,382255,52
Gerolf Hering,Male,wilmshans-walter@peukert.org,322,380006,1
Gloria Jacob-Rogge,Male,doerrjane@googlemail.com,700,380022,25
Chantal Krause,Female,loretta24@yahoo.de,427,382120,5
Dipl.-Ing. Benedikt Reuter,Male,wiekida@rosemann.com,195,387810,29
Melissa Kitzmann,Male,drewesjudith@liebelt.com,461,382450,1
Celal Löwer,Female,xfiebig@wieloch.com,661,382210,54
Ing. Mariechen Tschentscher B.Sc.,Male,cmeister@googlemail.com,775,363610,60
Frau Resi Sorgatz MBA.,Male,frank02@web.de,543,382450,2
Sieglinde Bien B.Sc.,Male,aleksandarspiess@hotmail.de,898,382150,8
Ingeborg Koch II,Male,tschentschertrudel@aol.de,624,382276,85
Eckhardt Henck MBA.,Female,ocarsten@schlosser.com,113,382455,93
Tassilo Schweitzer-Herrmann,Male,epatberg@gmail.com,918,387810,71
Hans Jürgen Mälzer-Eberhardt,Male,nadine48@gmx.de,939,380058,68
Abram Holt B.Sc.,Female,jankoehler@aol.de,387,380004,52
Sara Henk B.Sc.,Female,eheinz@gmail.com,773,382130,89
Rolf-Dieter Zorbach,Female,asaeuberlich@web.de,902,382240,49
Victor Oestrovsky,Female,vesna41@hotmail.de,673,382110,94
Frau Lilli Kraushaar,Male,bolzmannmichaele@hotmail.de,4,382140,20
Gunter Heinz,Female,faustagathe@googlemail.com,705,380016,92
Hans-Theo Lindau,Female,birgithermann@gmail.com,184,382250,67
Dr. Marion Neureuther,Female,carlagirschner@googlemail.com,226,382220,52
Ing. Dennis Ullmann,Male,sylviodavids@gute.org,230,382455,40
Gundi Geisler-Mangold,Male,loosgertraut@yahoo.de,6,382330,85
Drago Hörle B.Sc.,Female,lseifert@gmail.com,603,380024,97
Ilija Häring B.A.,Male,eugenloewer@hotmail.de,319,382120,87
Traute Heydrich,Male,kathleen39@hotmail.de,384,382240,15
Karl-Werner Baum,Female,walentina03@wende.net,196,382240,2
Amelie Radisch,Male,marieleheidrich@heidrich.net,394,382465,44
Univ.Prof. Dolores Lachmann,Male,seifertbertram@berger.com,622,382465,52
Herr Sigmar Koch,Female,albersria@hoevel.com,245,380028,94
Dr. Wiltrud Wesack B.Eng.,Female,dennisheinrich@yahoo.de,889,380021,32
Remo Meyer,Female,muelleryusuf@roerricht.net,691,382120,48
Giuseppina Bolzmann,Male,caecilia76@gmail.com,996,382330,55
Erich Schmidtke,Male,ibrahim02@gmx.de,503,382150,31
Ottilie Kobelt,Female,etextor@gmail.com,662,382210,52
Augustin Löffler-Ehlert,Female,lonipoelitz@paffrath.de,48,382463,74
Teresa Beer,Male,dwende@aol.de,361,363610,80
Piotr Pölitz,Female,haroldkohl@holsten.de,369,382470,97
Wilfriede Rohleder,Male,roehrichtnils@juncken.de,602,382220,43
Paulo Cichorius,Female,christiane85@yahoo.de,636,382220,14
Friedrich Jüttner,Female,joseph84@aol.de,391,382465,39
Karolina Mielcarek,Male,nwesack@krause.de,129,382115,83
Ulf Meister MBA.,Female,juri45@conradi.de,101,382220,16
Mia Hartung B.Sc.,Female,norbertheinrich@ehlert.de,186,382150,20
Univ.Prof. Klaus-Peter Kohl,Male,herma38@bonbach.com,51,380004,41
Albin Röhrdanz,Male,karl-ernst90@becker.com,305,382430,45
Hans-Jochen Gieß,Female,hahnelfriede@becker.de,808,382230,54
Dipl.-Ing. Ljiljana Kreusel,Female,stefanie58@hotmail.de,26,382250,46
Frederike Beckmann-Spieß,Male,gunpfkathrin@web.de,324,382255,50
Ehrentraud Heß,Female,sigrid41@gutknecht.com,476,382120,72
Univ.Prof. Janine Rudolph B.A.,Male,lboerner@raedel.com,489,382250,70
Ing. Paola Schuchhardt B.Eng.,Male,bartholomaeus72@rose.org,441,382150,71
Ivana Hofmann,Male,nikolaj90@warmer.org,171,382240,46
Christos Rohleder,Female,karl-georg15@googlemail.com,234,380007,39
Herr Ernst-Otto Stroh B.Eng.,Male,aleksandermueller@aol.de,630,382150,3
Angelika Vogt B.A.,Female,edda50@radisch.com,328,382465,8
Evi Söding,Female,oehlert@aumann.de,855,380061,9
Miroslawa Dehmel,Female,aschuster@hotmail.de,536,382265,25
Prof. Miroslawa Seip,Female,bschwital@web.de,329,382145,1
Prof. Hartmuth Zobel B.A.,Male,rosenowdogan@hering.de,878,380006,20
Univ.Prof. Birgitt Löffler B.Sc.,Female,danielebolzmann@oestrovsky.com,314,382220,16
Nina Nette,Male,ronseifert@scholz.net,186,380022,56
Vesna Neuschäfer,Male,sevim69@binner.org,885,382250,21
Dr. Annegret Gutknecht,Male,heinzdanilo@aol.de,385,382145,24
Kamil Haase,Male,gertznancy@googlemail.com,224,382213,34
Cäcilia Weihmann MBA.,Female,jaentschcarla@heuser.org,862,382230,17
Lara Nohlmans-Gutknecht,Female,stiebitzstilla@googlemail.com,184,382115,69
Resi Kaul,Male,marieleseifert@maelzer.com,340,382250,50
Gernot Wohlgemut-Trommler,Male,jockelevelyne@schmiedecke.com,719,382463,27
Hansjoachim Hertrampf,Female,harm00@textor.com,920,382140,92
Ljiljana Berger-Schäfer,Male,ibonbach@hande.de,462,382115,72
Mark Hofmann,Female,ylange@yahoo.de,527,382435,89
Dr. Mehdi Trub B.Eng.,Female,melitawilmsen@wiek.net,195,380004,100
Annie Weinhold B.Eng.,Female,vlindau@googlemail.com,694,380022,41
Otmar Krebs-Seip,Male,myriamkoehler@suessebier.net,372,382220,79
Hans-Willi Lachmann,Male,janakarz@yahoo.de,935,382433,10
Ewa van der Dussen,Female,speerclaus-dieter@web.de,197,382150,10
Agnes Säuberlich MBA.,Female,betzold@roehricht.net,116,380008,27
Mareike Geisler-Gute,Female,rustpiotr@hotmail.de,250,380060,43
Sigismund Zänker,Female,okusch@boucsein.de,280,380022,93
Sinaida Girschner,Male,rpohl@tintzmann.com,62,382130,37
Cemil Paffrath,Male,tamara59@googlemail.com,331,382130,2
Karl-Dieter Knappe,Male,annekeradisch@heuser.net,260,382170,95
Eckart Hauffer-Martin,Female,froehlichdana@christoph.org,298,382115,70
Beate Beyer,Male,schomberdenis@aol.de,383,382220,13
Torsten Krause-Klapp,Male,leonorehoerle@hotmail.de,11,382433,30
Dipl.-Ing. Olga Cichorius B.A.,Female,augusta25@googlemail.com,401,382255,50
Filippo Kobelt,Male,sigismund43@bonbach.com,707,382435,62
Dipl.-Ing. Leni Franke MBA.,Male,steffiputz@gmx.de,811,380060,31
Ing. Jann Rogner,Male,seifertvesna@web.de,967,380015,77
Rebekka Radisch,Male,zfroehlich@walter.com,382,382220,52
Ing. Cecilia Hering,Female,freudenbergerhans-gerhard@googlemail.com,745,382460,72
Prof. Gisa Boucsein B.Eng.,Female,nohlmanstheres@weimer.de,165,380061,5
Dietlind Hornich,Male,eschweitzer@weimer.org,692,382255,92
Dr. Melanie Ernst B.Eng.,Female,karzalbert@yahoo.de,661,382455,89
Ernst-August Schmidtke,Female,melaniestoll@hotmail.de,251,382115,17
Dipl.-Ing. Thies Liebelt B.Eng.,Male,marjankoch-ii@aol.de,58,363610,33
Univ.Prof. Victoria Hahn B.Eng.,Female,fridolin72@koester.net,58,382150,60
Univ.Prof. Adem Adolph,Male,kunigundafiebig@hotmail.de,248,382140,7
Herbert Rust,Male,pruschkesiegmar@schenk.de,674,363610,77
Dr. Adam Holt B.Eng.,Male,ivana02@moechlichen.net,603,382170,31
Helena Ruppert,Male,anjahenck@googlemail.com,454,382120,38
Heini Gute B.Sc.,Female,girschnermarjan@gmx.de,277,380060,62
Andreas Lindner B.Eng.,Female,carinakaul@yahoo.de,156,382255,67
Rico Bruder,Male,grafphilippe@dippel.com,618,380022,5
Ing. Yasemin Bohnbach,Male,antoninaneuschaefer@binner.com,983,382120,46
Dr. Anke Schleich,Female,liliana13@yahoo.de,534,380015,34
Katherina Geisel,Male,kathleenmielcarek@hotmail.de,199,382120,36
Michaele Möchlichen-Holzapfel,Male,dkobelt@textor.net,543,382433,5
Wiebke Junitz,Female,putzstefano@weimer.de,558,380016,50
Karl-Peter Roskoth,Male,paolosorgatz@klotz.com,540,382140,23
Lilli Ruppersberger,Female,lena90@web.de,792,382170,15
Dr. Sylvie Henk MBA.,Male,opieper@fischer.com,689,382230,96
Hans-Peter Otto-Adler,Male,warmerknud@googlemail.com,866,382465,80
Gülsen Schottin,Male,scholztimm@lorch.de,533,382220,86
Dipl.-Ing. Karlfried Holt,Female,camilla06@gmx.de,32,382465,70
Marie Renner,Male,holstenrigo@franke.de,906,382115,64
Kamil Ullmann B.Sc.,Male,vincenzoklingelhoefer@web.de,190,382170,16
Marco Ditschlerin,Male,hvan-der-dussen@etzler.de,457,382435,96
Ben Pieper-Weller,Female,hans-jochen15@sauer.org,689,380004,53
Stephan Wieloch MBA.,Female,loechelhansjoachim@aol.de,591,382449,71
Sieghard Hornich,Female,aysel70@yahoo.de,530,382240,65
Mesut Hörle B.Sc.,Female,sofie18@meyer.net,108,382210,14
Dr. Michaela Junk B.A.,Male,sagergitte@gutknecht.com,552,382465,48
Frau Evelyne Dietz B.Eng.,Female,mianeuschaefer@ladeck.de,700,382150,3
Juliana Henschel,Female,rafaelaumann@yahoo.de,712,380028,61
Prof. Bernt Jüttner,Male,ewald75@schuchhardt.com,945,382460,48
Angelique Döring,Male,wzimmer@gmx.de,190,380027,78
Elmar Löffler,Male,pechelselma@henk.de,308,382110,71
Ing. Traute Kostolzin B.Sc.,Male,georgine71@aol.de,320,382140,40
Willibert Rogge,Male,mielcarekingetraut@yahoo.de,408,382150,57
Maria-Luise Gehringer B.A.,Female,rhenk@hotmail.de,374,380050,11
Hannes Harloff,Male,heidelore66@hotmail.de,995,382150,58
Sandra Harloff,Male,beercaecilie@haering.net,978,382460,44
Monica Krause-Meister,Female,kunonoack@hotmail.de,714,382140,2
Jacob Lachmann B.A.,Male,ottohildegunde@aol.de,375,382255,69
Bernt Schüler,Female,klingelhoefereric@yahoo.de,461,382120,55
Kilian Krause,Female,eckbauerfranco@ackermann.com,30,382240,93
Kurt Karge-Gnatz,Female,wlange@wernecke.de,390,382240,33
William Klapp,Male,nellytschentscher@hotmail.de,630,382255,7
Babette Faust,Male,magdalenagorlitz@scholl.de,60,382330,45
Andrzej Jäntsch-Kreusel,Female,vinko60@web.de,65,382240,27
Augusta Roht-Dowerg,Male,dragoseifert@yahoo.de,483,382460,19
Prof. Annelene Trubin B.Eng.,Female,grafagnes@scholz.de,52,382460,96
Hans Peter Geisel,Male,briemermurat@gmx.de,513,363610,9
Dipl.-Ing. Marga Carsten B.Eng.,Female,heuserfranz-josef@gmx.de,180,382115,94
Heinz-Wilhelm Vollbrecht,Female,heinrichgudula@hotmail.de,338,382220,71
Evelin Benthin-Schlosser,Male,tomislavwiek@heintze.de,117,380060,79
Denise Seifert,Male,seifertheide@dietz.com,573,382140,48
Antonina Schmidtke,Female,bergeralexa@schulz.de,92,382213,23
Claus-Peter Schwital,Male,sjohann@gmail.com,217,382240,40
Georgios Jopich,Male,seidelanton@oderwald.com,938,382145,81
Henrik Oderwald-Jopich,Female,arifsoeding@aol.de,83,380022,85
Zeynep Johann,Female,elsefaust@kuehnert.de,150,382250,64
Hansgeorg Hartmann,Male,eadler@taesche.com,594,380001,66
Univ.Prof. Korinna Heydrich,Female,hellwigotto@hotmail.de,662,380050,89
Kilian Rust,Female,andershans-henning@yahoo.de,89,382433,52
Patrizia Koch-Vogt,Female,fmende@kuhl.com,342,382150,65
Dipl.-Ing. Veit Wiek B.Sc.,Female,manja07@weihmann.de,817,382430,37
Prof. Andy Berger MBA.,Male,ottomar12@hotmail.de,296,382430,89
Angelique Bloch,Male,catherine36@dobes.net,964,363610,34
Melanie Naser,Female,carmen61@yahoo.de,92,382460,27
Prof. Walfried Austermühle B.A.,Male,jloos@web.de,176,382120,72
Saskia Hesse,Female,hscheuermann@yahoo.de,456,382150,16
Prof. Corinna Ackermann,Female,isabellegrein-groth@yahoo.de,592,382220,54
Kerstin Keudel,Female,stanislaus85@koch.de,890,382425,40
Felizitas Drub,Female,rosefatma@gmx.de,954,382220,42
Prof. Leopold Hentschel B.A.,Male,paertzeltfatima@yahoo.de,430,382150,32
Delia Junken,Male,schwitalfanny@yahoo.de,160,382255,94
Jens-Peter Kramer,Male,alida12@seidel.net,992,380001,23
Julie Kuhl,Male,tpaffrath@eberhardt.de,652,382430,96
Hans-Karl Mentzel,Female,ingahermighausen@ring.com,37,382140,63
Wolfhard Weller,Male,maik13@doehn.de,15,382255,75
Karl-Josef Lachmann,Male,wgude@web.de,695,380060,48
Hannchen Krein,Male,geiselhansjuergen@zaenker.de,474,382140,50
Ing. Leila Dietz B.Eng.,Female,zofiahenk@hering.de,540,382430,57
Markus Pruschke,Male,metzignaz@wilmsen.org,985,382481,70
Herr Folkert Weiß,Male,nellypoelitz@roehrdanz.org,792,382330,60
Solveig Heydrich,Male,danny77@aol.de,292,380004,59
Stjepan Bender,Male,albina95@hess.com,425,380004,61
Felicitas Heinrich,Male,neuschaeferoswin@stroh.de,73,382260,12
Mesut Baum B.Eng.,Male,britwohlgemut@hotmail.de,911,382481,42
Dr. Jan-Peter Bolzmann B.A.,Male,ullahentschel@scheel.org,120,380007,26
Romy Ruppersberger-Dörschner,Female,ruppersbergervera@aol.de,887,380006,34
Prof. Dimitrios Kranz B.A.,Male,arthur70@yahoo.de,818,380024,46
Dr. Bianka Seidel,Male,massimo36@yahoo.de,202,363610,76
Traute Ebert,Female,atzlerjolanthe@web.de,872,380016,79
Jo Rädel,Male,salvatore37@bolnbach.de,854,382150,24
Hanne Hering,Female,benthinjolanda@gmx.de,878,380019,23
Arzu Zirme MBA.,Female,albertineweinhold@gmail.com,232,387810,39
Simon Kaul-Kusch,Female,steinbergklaus-peter@hotmail.de,259,382240,93
Frau Anne-Kathrin Weinhage,Female,dominik31@heser.org,596,382435,11
Wenzel Etzler B.Sc.,Male,johann92@googlemail.com,341,380022,61
Henny Misicher B.Sc.,Male,krauseahmed@schacht.de,357,382130,95
Annemie Riehl MBA.,Male,heuserandrew@web.de,600,387810,9
Asta Schäfer,Female,zorbachjose@siering.com,414,382230,94
Tatjana Berger,Male,staudeferdi@gmx.de,903,382255,92
Univ.Prof. Mattias Vollbrecht,Male,riehlwilma@gmx.de,868,382145,100
Heinz Siering,Female,anna44@muehle.com,158,382115,7
Sergio Mühle,Male,hilmafoerster@schweitzer.com,204,363610,48
Karl-Georg Dörschner-Schaaf,Male,oswald38@misicher.org,504,382150,91
Mehdi Buchholz B.Eng.,Male,zoltanzimmer@stadelmann.com,245,382213,37
Sigmar Fröhlich,Female,manslisette@kuhl.com,258,382120,55
Christof Ullmann,Female,putzhartmuth@gmail.com,742,380054,60
Ing. Hildegart Schwital MBA.,Male,helmarhornig@googlemail.com,967,382255,88
Dr. Marko Jopich B.Sc.,Male,xpergande@gotthard.net,496,382433,43
Egbert Heser B.Sc.,Male,tstroh@koch.de,204,382150,24
Herr Romuald Hörle B.A.,Male,kuehnertfranz-josef@sauer.de,476,363610,42
Friedemann Schwital,Male,abeyer@harloff.net,481,382115,11
Gottfried Dörschner B.Sc.,Female,ckarz@oestrovsky.com,449,382465,1
Mona Hermighausen-Zimmer,Male,soedingkarolin@hotmail.de,312,382150,69
Ing. Irmhild Trubin MBA.,Female,notburgarust@gmail.com,944,380022,9
Jürgen Hamann,Male,qsegebahn@web.de,607,382455,34
Yvette Stroh,Male,elmaputz@web.de,62,382255,88
Rosmarie Gertz,Male,carenschwital@hotmail.de,43,382213,70
Ralph Rogge,Male,antonino40@aol.de,385,380001,31
Brunhilde Martin,Male,hakan34@rohleder.net,731,382140,81
Marieluise Spieß,Female,oloeffler@junken.com,184,382110,56
Dipl.-Ing. Ullrich Wiek B.Eng.,Male,uheuser@langern.org,619,382170,10
Gerhart Ullmann-Döhn,Female,hornichholm@dobes.de,400,382427,80
Jelena Benthin,Female,alfred50@aol.de,603,380016,88
Tilman Stiffel MBA.,Female,lklingelhoefer@scheuermann.de,119,382230,49
Pasquale Hiller,Male,paulina57@aol.de,181,382140,71
Susanna Stroh,Male,zullrich@mueller.com,273,380016,19
Liane Tintzmann,Female,reichmannfrancis@yahoo.de,616,382435,81
Melitta Walter,Male,birnbaumregine@karz.com,19,382145,64
Univ.Prof. Giesela Bolzmann,Male,helen20@johann.net,967,382463,21
Arnulf Graf-Wagenknecht,Female,karl-ernstoestrovsky@aol.de,603,382145,89
Dr. Sybille Ehlert,Male,hellmut98@web.de,245,382460,31
Bianka Jähn,Female,wschottin@jaentsch.de,376,380021,39
Concetta Etzold,Male,holm95@siering.com,396,382463,92
